country,location_name,latitude,longitude,timezone,last_updated_epoch,last_updated,temperature_celsius,temperature_fahrenheit,condition_text,wind_mph,wind_kph,wind_degree,wind_direction,pressure_mb,pressure_in,precip_mm,precip_in,humidity,cloud,feels_like_celsius,feels_like_fahrenheit,visibility_km,visibility_miles,uv_index,gust_mph,gust_kph,air_quality_Carbon_Monoxide,air_quality_Ozone,air_quality_Nitrogen_dioxide,air_quality_Sulphur_dioxide,air_quality_PM2.5,air_quality_PM10,air_quality_us-epa-index,air_quality_gb-defra-index,sunrise,sunset,moonrise,moonset,moon_phase,moon_illumination,time_diff,month,cloud_comp,darkness_score,visibility_score,sunset_dt,sunrise_dt,night_duration,duration_comp,advanced_score,year
Norway,Oslo,59.9167,10.75,Europe/Oslo,1754208900,2025-08-03 10:15:00,17.2,63.0,Partly cloudy,2.9,4.7,140,SE,1010.0,29.83,0.19,0.01,77,50,17.2,63.0,10.0,6.0,2.2,3.4,5.5,405.15,60.0,9.99,1.665,8.695,11.47,1,1,05:03 AM,09:42 PM,06:30 PM,10:44 PM,Waxing Gibbous,63,0 days 23:45:00,8,13.53352832366127,37,100.0,1900-01-01 21:42:00,1900-01-01 05:03:00,7.350000000000001,78.36861879439965,35.42540981335671,2025
Sweden,Stockholm,59.33,18.05,Europe/Stockholm,1716646500,2024-05-25 16:15:00,26.0,78.8,Sunny,10.5,16.9,110,ESE,1022.0,30.18,0.0,0.0,48,0,26.8,80.3,10.0,6.0,6.0,15.0,24.1,227.0,88.0,8.7,7.4,6.4,8.3,1,1,03:54 AM,09:37 PM,12:04 AM,03:44 AM,Waning Gibbous,98,0 days 23:45:00,5,100.0,2,100.0,1900-01-01 21:37:00,1900-01-01 03:54:00,6.283333333333335,73.32170696338386,81.29825604450758,2024
Latvia,Riga,56.95,24.1,Europe/Riga,1767597300,2026-01-05 09:15:00,-3.9,25.0,Overcast,4.7,7.6,107,ESE,1009.0,29.8,0.01,0.0,86,100,-7.2,19.1,10.0,6.0,0.0,9.8,15.8,225.85,35.0,14.15,4.65,15.25,17.55,1,2,09:00 AM,03:59 PM,06:40 PM,10:34 AM,Waning Gibbous,97,1 days 00:15:00,1,1.8315638888734178,3,100.0,1900-01-01 15:59:00,1900-01-01 09:00:00,17.016666666666666,106.76675248635767,27.5639512062777,2026
Denmark,Copenhagen,55.6667,12.5833,Europe/Copenhagen,1763968500,2025-11-24 08:15:00,1.4,34.5,Patchy heavy snow,16.1,25.9,142,SE,997.0,29.44,0.28,0.01,80,75,-4.2,24.4,10.0,6.0,0.0,21.4,34.4,171.85,65.0,6.75,2.15,5.75,7.85,1,1,08:03 AM,03:50 PM,12:24 PM,06:29 PM,Waxing Crescent,12,1 days 00:00:00,11,4.978706836786395,88,100.0,1900-01-01 15:50:00,1900-01-01 08:03:00,16.21666666666667,105.08955505105595,41.95065735973023,2025
Iceland,Reykjavik,64.15,-21.95,Atlantic/Reykjavik,1762330500,2025-11-05 08:15:00,5.2,41.4,Overcast,6.5,10.4,79,E,1000.0,29.53,0.0,0.0,61,100,2.8,37.0,10.0,6.0,0.0,11.4,18.4,155.85,53.0,7.05,14.95,3.65,5.55,1,1,09:25 AM,04:57 PM,03:53 PM,09:59 AM,Full Moon,99,1 days 00:00:00,11,1.8315638888734178,1,100.0,1900-01-01 16:57:00,1900-01-01 09:25:00,16.46666666666667,105.62190839352652,27.092224592353027,2025
Estonia,Tallinn,59.4339,24.7281,Europe/Tallinn,1754640900,2025-08-08 11:15:00,18.4,65.1,Partly cloudy,6.9,11.2,215,SW,1015.0,29.97,0.2,0.01,77,50,18.4,65.1,10.0,6.0,1.9,9.9,15.9,329.3,67.0,9.435,0.555,9.065,14.985,1,1,05:22 AM,09:30 PM,09:47 PM,03:04 AM,Waxing Gibbous,97,0 days 23:45:00,8,13.53352832366127,3,100.0,1900-01-01 21:30:00,1900-01-01 05:22:00,7.866666666666667,80.5856156666269,30.657959344190793,2025
Denmark,Copenhagen,55.6667,12.5833,Europe/Copenhagen,1739441700,2025-02-13 11:15:00,0.0,32.0,Overcast,15.0,24.1,55,NE,1023.0,30.21,0.05,0.0,74,100,-5.8,21.6,10.0,6.0,0.6,20.0,32.2,371.85,71.0,13.135,3.33,18.13,22.94,2,2,07:38 AM,05:11 PM,06:17 PM,08:13 AM,Waning Gibbous,100,1 days 00:00:00,2,1.8315638888734178,0,100.0,1900-01-01 17:11:00,1900-01-01 07:38:00,14.45,101.09151603724014,26.26266573891007,2025
Estonia,Tallinn,59.4339,24.7281,Europe/Tallinn,1742808600,2025-03-24 11:30:00,4.2,39.6,Partly cloudy,10.3,16.6,128,SE,1017.0,30.03,0.0,0.0,60,75,0.5,32.9,10.0,6.0,1.3,14.3,23.0,358.9,70.0,6.66,1.85,14.615,16.465,1,2,06:10 AM,06:45 PM,05:45 AM,10:32 AM,Waning Crescent,36,1 days 00:00:00,3,4.978706836786395,64,100.0,1900-01-01 18:45:00,1900-01-01 06:10:00,11.416666666666666,93.0204194564849,36.54028702054457,2025
Iceland,Vestmannaeyjar,63.37,-20.21,Atlantic/Reykjavik,1723724100,2024-08-15 12:15:00,8.2,46.8,Moderate rain,27.3,43.9,280,W,978.0,28.88,1.0,0.04,100,100,3.6,38.4,3.0,1.0,2.0,36.5,58.8,198.6,50.1,0.1,0.5,0.7,1.1,1,1,05:18 AM,09:30 PM,12:00 AM,12:00 AM,Waxing Gibbous,73,0 days 23:45:00,8,1.8315638888734178,27,30.0,1900-01-01 21:30:00,1900-01-01 05:18:00,7.800000000000001,80.30692047728695,20.194976404917092,2024
Denmark,Copenhagen,55.6667,12.5833,Europe/Copenhagen,1738751400,2025-02-05 11:30:00,6.4,43.5,Overcast,19.7,31.7,279,W,1029.0,30.39,0.01,0.0,87,100,1.7,35.1,6.0,3.0,0.3,29.7,47.8,386.65,54.0,29.415,1.665,23.31,28.12,2,2,07:55 AM,04:53 PM,09:48 AM,01:44 AM,First Quarter,46,1 days 00:00:00,2,1.8315638888734178,54,60.0,1900-01-01 16:53:00,1900-01-01 07:55:00,15.033333333333333,102.46006101786003,30.567947486003057,2025
Russia,Moscow,55.7522,37.6156,Europe/Moscow,1745571600,2025-04-25 12:00:00,17.1,62.8,Partly cloudy,14.1,22.7,298,WNW,1006.0,29.71,0.39,0.02,45,50,17.1,62.8,10.0,6.0,4.4,19.3,31.1,715.95,54.0,77.515,118.215,53.095,60.865,3,6,05:00 AM,07:56 PM,04:12 AM,04:39 PM,Waning Crescent,12,1 days 00:00:00,4,13.53352832366127,88,100.0,1900-01-01 19:56:00,1900-01-01 05:00:00,9.066666666666666,85.27277798516546,44.11103369197158,2025
Sweden,Stockholm,59.3333,18.05,Europe/Stockholm,1763277300,2025-11-16 08:15:00,1.3,34.3,Cloudy,9.6,15.5,234,SW,1002.0,29.59,0.0,0.0,86,0,-2.9,26.8,10.0,6.0,0.0,15.4,24.8,160.85,54.0,5.25,1.25,3.65,5.15,1,1,07:45 AM,03:20 PM,03:09 AM,01:58 PM,Waning Crescent,16,0 days 23:45:00,11,100.0,84,100.0,1900-01-01 15:20:00,1900-01-01 07:45:00,16.416666666666668,105.51604992454726,98.0,2025
Finland,Helsinki,60.1756,24.9342,Europe/Helsinki,1747903500,2025-05-22 11:45:00,12.2,54.0,Partly cloudy,8.5,13.7,149,SSE,1003.0,29.62,0.01,0.0,67,75,10.8,51.4,10.0,6.0,3.0,12.0,19.4,262.7,67.0,11.84,0.925,7.4,10.545,1,1,04:25 AM,10:10 PM,03:17 AM,03:02 PM,Waning Crescent,35,1 days 00:00:00,5,4.978706836786395,65,100.0,1900-01-01 22:10:00,1900-01-01 04:25:00,6.25,73.15231704568443,33.7100716589245,2025
Finland,Helsinki,60.1756,24.9342,Europe/Helsinki,1769065200,2026-01-22 09:00:00,-5.7,21.7,Light snow,11.6,18.7,82,E,1025.0,30.27,0.06,0.0,93,75,-12.2,10.0,10.0,6.0,0.0,17.4,27.9,182.85,41.0,9.05,2.35,3.95,5.25,1,1,08:57 AM,04:07 PM,09:57 AM,09:10 PM,Waxing Crescent,10,1 days 00:00:00,1,4.978706836786395,90,100.0,1900-01-01 16:07:00,1900-01-01 08:57:00,16.833333333333332,106.38906782677884,42.44558427608866,2026
Sweden,Stockholm,59.3333,18.05,Europe/Stockholm,1739441700,2025-02-13 11:15:00,0.2,32.4,Partly cloudy,11.6,18.7,26,NNE,1026.0,30.3,0.0,0.0,74,50,-4.8,23.4,10.0,6.0,0.6,14.7,23.7,349.65,60.0,14.8,0.74,5.18,9.62,1,1,07:29 AM,04:36 PM,05:45 PM,08:03 AM,Waning Gibbous,100,1 days 00:00:00,2,13.53352832366127,0,100.0,1900-01-01 16:36:00,1900-01-01 07:29:00,14.883333333333333,102.11296453465309,33.43706167439473,2025
Sweden,Stockholm,59.3333,18.05,Europe/Stockholm,1753518600,2025-07-26 10:30:00,22.4,72.3,Partly cloudy,4.0,6.5,175,S,1008.0,29.77,0.14,0.01,83,75,24.7,76.4,10.0,6.0,3.9,4.6,7.5,368.15,80.0,7.955,0.37,12.025,13.32,1,2,04:20 AM,09:28 PM,06:05 AM,10:10 PM,Waxing Crescent,2,1 days 00:15:00,7,4.978706836786395,98,100.0,1900-01-01 21:28:00,1900-01-01 04:20:00,6.866666666666667,76.16677203856622,39.11223990785677,2025
Denmark,Copenhagen,55.6667,12.5833,Europe/Copenhagen,1771742700,2026-02-22 07:45:00,1.3,34.3,Heavy snow,3.4,5.4,190,S,1012.0,29.88,0.54,0.02,93,75,-0.3,31.5,10.0,6.0,0.0,5.3,8.5,171.85,61.0,8.85,1.35,4.65,7.05,1,1,07:18 AM,05:30 PM,08:17 AM,No moonset,Waxing Crescent,22,1 days 00:00:00,2,4.978706836786395,78,100.0,1900-01-01 17:30:00,1900-01-01 07:18:00,13.8,99.50432896972599,39.61287344753073,2026
Denmark,Copenhagen,55.6667,12.5833,Europe/Copenhagen,1769670000,2026-01-29 08:00:00,-1.7,28.9,Overcast,17.4,28.1,69,ENE,1009.0,29.8,0.0,0.0,74,100,-8.5,16.8,10.0,6.0,0.0,24.4,39.2,170.85,68.0,5.05,1.65,3.65,6.15,1,1,08:09 AM,04:37 PM,11:36 AM,06:12 AM,Waxing Gibbous,80,1 days 00:00:00,1,1.8315638888734178,20,100.0,1900-01-01 16:37:00,1900-01-01 08:09:00,15.533333333333333,103.59403765561466,29.638043981666247,2026
Russia,Moscow,55.7522,37.6156,Europe/Moscow,1761809400,2025-10-30 10:30:00,6.3,43.3,Partly cloudy,5.6,9.0,239,WSW,1013.0,29.91,0.01,0.0,93,75,4.4,40.0,10.0,6.0,0.2,7.9,12.8,474.85,1.0,43.45,41.25,38.05,45.55,2,4,07:32 AM,04:54 PM,03:11 PM,11:48 PM,Waxing Gibbous,52,0 days 23:45:00,10,4.978706836786395,48,100.0,1900-01-01 16:54:00,1900-01-01 07:32:00,14.633333333333333,101.52712034899065,35.41629215442043,2025
Sweden,Stockholm,59.33,18.05,Europe/Stockholm,1716042600,2024-05-18 16:30:00,22.0,71.6,Sunny,12.5,20.2,230,SW,1016.0,30.0,0.0,0.0,35,0,23.8,74.9,10.0,6.0,6.0,17.0,27.4,207.0,101.6,5.7,6.6,4.1,5.0,1,1,04:07 AM,09:23 PM,03:05 PM,03:11 AM,Waxing Gibbous,73,0 days 22:15:00,5,100.0,27,100.0,1900-01-01 21:23:00,1900-01-01 04:07:00,6.733333333333334,75.53552696961063,85.38032904544158,2024
Finland,Helsinki,60.1756,24.9342,Europe/Helsinki,1766991600,2025-12-29 09:00:00,-1.0,30.2,Clear,17.9,28.8,310,NW,994.0,29.35,0.0,0.0,74,25,-7.7,18.2,10.0,6.0,0.0,25.1,40.3,136.85,70.0,4.25,1.45,2.35,3.55,1,1,09:26 AM,03:20 PM,11:43 AM,02:38 AM,Waxing Gibbous,62,0 days 23:45:00,12,36.787944117144235,38,100.0,1900-01-01 15:20:00,1900-01-01 09:26:00,18.1,108.92295622333828,54.111209903787284,2025
Norway,Oslo,59.9167,10.75,Europe/Oslo,1762157700,2025-11-03 09:15:00,5.4,41.7,Partly cloudy,4.7,7.6,175,S,1004.0,29.65,0.0,0.0,100,75,3.7,38.7,10.0,6.0,0.0,7.0,11.3,318.85,26.0,37.15,2.65,12.25,17.65,1,2,07:45 AM,04:16 PM,03:20 PM,04:19 AM,Waxing Gibbous,90,1 days 00:30:00,11,4.978706836786395,10,100.0,1900-01-01 16:16:00,1900-01-01 07:45:00,15.483333333333333,103.48219424662145,30.009553239065053,2025
Finland,Helsinki,60.18,24.93,Europe/Helsinki,1722255300,2024-07-29 15:15:00,22.2,72.0,Partly Cloudy,7.4,11.9,5,N,1006.0,29.72,0.0,0.0,62,53,24.6,76.4,10.0,6.0,6.0,12.1,19.5,185.3,59.4,2.5,1.0,0.5,1.0,1,1,04:54 AM,09:58 PM,11:13 PM,05:29 PM,Waning Crescent,40,0 days 23:30:00,7,12.003162851145673,60,100.0,1900-01-01 21:58:00,1900-01-01 04:54:00,6.933333333333334,76.47839361199313,37.67365675248637,2024
Sweden,Stockholm,59.3333,18.05,Europe/Stockholm,1746262800,2025-05-03 11:00:00,12.3,54.1,Sunny,8.1,13.0,291,WNW,1000.0,29.53,0.0,0.0,44,0,11.0,51.8,10.0,6.0,3.1,9.3,14.9,286.75,72.0,3.33,0.37,2.22,3.145,1,1,04:43 AM,08:47 PM,08:37 AM,03:27 AM,Waxing Crescent,33,1 days 00:00:00,5,100.0,67,100.0,1900-01-01 20:47:00,1900-01-01 04:43:00,7.933333333333334,80.86222323195597,92.17933348479339,2025
Sweden,Stockholm,59.3333,18.05,Europe/Stockholm,1765005300,2025-12-06 08:15:00,6.3,43.3,Light rain,11.0,17.6,127,SE,1011.0,29.85,1.19,0.05,100,100,3.0,37.4,10.0,6.0,0.0,16.4,26.4,175.85,34.0,9.55,1.55,8.25,9.05,1,1,08:27 AM,02:51 PM,03:12 PM,11:22 AM,Waning Gibbous,98,1 days 00:00:00,12,1.8315638888734178,2,100.0,1900-01-01 14:51:00,1900-01-01 08:27:00,17.6,107.9434044291126,27.59044899769094,2025
Finland,Helsinki,60.1756,24.9342,Europe/Helsinki,1741254300,2025-03-06 11:45:00,7.0,44.6,Partly cloudy,17.7,28.4,249,WSW,992.0,29.29,0.0,0.0,87,75,2.8,37.0,10.0,6.0,0.9,28.4,45.7,353.35,43.0,28.12,2.59,6.105,11.1,1,1,07:04 AM,06:00 PM,07:47 AM,03:44 AM,First Quarter,41,1 days 00:00:00,3,4.978706836786395,59,100.0,1900-01-01 18:00:00,1900-01-01 07:04:00,13.066666666666666,97.62772977021599,36.48138356760423,2025
Latvia,Riga,56.95,24.1,Europe/Riga,1763882100,2025-11-23 09:15:00,-1.7,28.9,Sunny,8.7,14.0,194,SSW,1020.0,30.12,0.0,0.0,93,0,-6.3,20.6,10.0,6.0,0.0,15.0,24.1,184.85,40.0,7.45,3.75,10.85,14.45,1,1,08:21 AM,03:58 PM,12:20 PM,05:11 PM,Waxing Crescent,6,1 days 00:00:00,11,100.0,94,100.0,1900-01-01 15:58:00,1900-01-01 08:21:00,16.383333333333333,105.44530864370398,98.0,2025
Denmark,Copenhagen,55.6667,12.5833,Europe/Copenhagen,1728467100,2024-10-09 11:45:00,15.0,59.0,Mist,11.6,18.7,198,SSW,994.0,29.35,0.01,0.0,94,75,13.8,56.8,8.0,4.0,1.2,16.3,26.2,586.45,8.0,61.79,1.85,22.94,25.53,2,2,07:29 AM,06:23 PM,03:40 PM,08:42 PM,Waxing Crescent,32,1 days 00:00:00,10,4.978706836786395,68,80.0,1900-01-01 18:23:00,1900-01-01 07:29:00,13.1,97.71513084606394,35.844493728981426,2024
Iceland,Reykjavik,64.15,-21.95,Atlantic/Reykjavik,1765005300,2025-12-06 07:15:00,-1.0,30.2,Clear,8.9,14.4,45,NE,1001.0,29.56,0.0,0.0,80,0,-5.5,22.0,10.0,6.0,0.0,17.2,27.6,140.85,57.0,2.85,2.65,2.65,3.45,1,1,11:00 AM,03:38 PM,12:00 AM,12:00 AM,Waning Gibbous,98,1 days 00:00:00,12,100.0,2,100.0,1900-01-01 15:38:00,1900-01-01 11:00:00,19.366666666666667,111.2940807479398,86.99411211219096,2025
Latvia,Riga,56.95,24.1,Europe/Riga,1746176400,2025-05-02 12:00:00,14.3,57.7,Partly Cloudy,16.8,27.0,185,S,1014.0,29.94,0.0,0.0,47,0,12.4,54.2,10.0,6.0,3.6,19.8,31.8,299.7,60.0,7.03,1.665,8.88,12.765,1,1,05:33 AM,09:10 PM,08:06 AM,03:06 AM,Waxing Crescent,22,1 days 00:15:00,5,100.0,78,100.0,1900-01-01 21:10:00,1900-01-01 05:33:00,8.383333333333333,82.67701481332641,94.10155222199896,2025
Latvia,Riga,56.95,24.1,Europe/Riga,1736937000,2025-01-15 12:30:00,3.4,38.1,Overcast,4.7,7.6,41,NE,1023.0,30.21,0.02,0.0,87,100,1.4,34.5,10.0,6.0,0.1,7.0,11.3,345.95,47.0,25.345,3.7,17.76,24.42,2,2,08:50 AM,04:16 PM,05:57 PM,10:08 AM,Waning Gibbous,99,0 days 23:30:00,1,1.8315638888734178,1,100.0,1900-01-01 16:16:00,1900-01-01 08:50:00,16.566666666666666,105.8327192646838,27.123846223026618,2025
Sweden,Stockholm,59.3333,18.05,Europe/Stockholm,1747817100,2025-05-21 10:45:00,8.2,46.8,Light rain,5.6,9.0,186,S,1006.0,29.71,0.07,0.0,81,75,6.7,44.0,10.0,6.0,2.3,6.4,10.4,270.1,68.0,10.915,6.29,7.4,9.435,1,1,04:02 AM,09:29 PM,02:42 AM,12:54 PM,Waning Crescent,45,0 days 23:45:00,5,4.978706836786395,55,100.0,1900-01-01 21:29:00,1900-01-01 04:02:00,6.550000000000001,74.64956013142366,32.43465812178538,2025
Denmark,Copenhagen,55.6667,12.5833,Europe/Copenhagen,1755504000,2025-08-18 10:00:00,19.1,66.4,Sunny,3.1,5.0,32,NNE,1022.0,30.18,0.0,0.0,64,0,19.1,66.4,10.0,6.0,2.6,4.0,6.4,464.35,30.0,38.295,2.59,11.84,15.725,1,1,05:48 AM,08:38 PM,11:58 PM,06:44 PM,Waning Crescent,31,0 days 23:45:00,8,100.0,69,100.0,1900-01-01 20:38:00,1900-01-01 05:48:00,9.166666666666666,85.6377918696392,93.19566878044587,2025
Finland,Helsinki,60.18,24.93,Europe/Helsinki,1722688200,2024-08-03 15:30:00,19.3,66.7,Patchy rain nearby,4.3,6.8,144,SE,1004.0,29.66,0.27,0.01,73,84,19.3,66.7,9.0,5.0,4.0,5.4,8.7,195.3,32.2,8.1,2.7,1.7,3.4,1,1,05:06 AM,09:46 PM,02:25 AM,10:17 PM,Waning Crescent,2,1 days 00:00:00,8,3.4735258944738563,98,90.0,1900-01-01 21:46:00,1900-01-01 05:06:00,7.333333333333332,78.29483867533614,37.52834133798473,2024
Russia,Moscow,55.7522,37.6156,Europe/Moscow,1732437000,2024-11-24 11:30:00,-2.7,27.1,Overcast,7.6,12.2,278,W,1021.0,30.15,0.0,0.0,93,100,-7.1,19.2,10.0,6.0,0.3,10.3,16.5,913.9,8.0,93.425,93.795,72.15,85.84,4,10,08:23 AM,04:09 PM,12:15 AM,02:07 PM,Waning Crescent,42,0 days 23:30:00,11,1.8315638888734178,58,100.0,1900-01-01 16:09:00,1900-01-01 08:23:00,16.233333333333334,105.12528503672391,35.56773108883263,2024
Denmark,Copenhagen,55.67,12.58,Europe/Copenhagen,1717682400,2024-06-06 16:00:00,14.0,57.2,Moderate rain,12.5,20.2,240,WSW,1015.0,29.97,0.15,0.01,63,75,12.1,53.8,10.0,6.0,3.0,21.9,35.3,188.6,93.0,1.5,0.2,0.5,0.6,1,1,04:29 AM,09:49 PM,03:39 AM,10:46 PM,New Moon,0,0 days 23:45:00,6,4.978706836786395,100,100.0,1900-01-01 21:49:00,1900-01-01 04:29:00,6.666666666666668,75.21581122949655,39.26959578649632,2024
Sweden,Stockholm,59.3333,18.05,Europe/Stockholm,1764055800,2025-11-25 08:30:00,-1.6,29.1,Mist,2.9,4.7,10,N,1009.0,29.8,0.0,0.0,100,100,-3.2,26.2,2.0,1.0,0.0,5.1,8.2,183.85,40.0,14.35,1.45,8.85,12.65,1,1,08:05 AM,03:04 PM,12:53 PM,06:58 PM,Waxing Crescent,19,1 days 00:15:00,11,1.8315638888734178,81,20.0,1900-01-01 15:04:00,1900-01-01 08:05:00,17.016666666666666,106.76675248635767,31.263951206277703,2025
Norway,Oslo,59.9167,10.75,Europe/Oslo,1732005900,2024-11-19 09:45:00,0.3,32.5,Light snow showers,2.7,4.3,9,N,994.0,29.35,0.01,0.0,80,75,-0.9,30.4,10.0,6.0,0.0,3.5,5.6,412.55,63.0,15.91,7.215,16.835,19.425,2,2,08:25 AM,03:39 PM,05:36 PM,01:46 PM,Waning Gibbous,88,1 days 00:00:00,11,4.978706836786395,12,100.0,1900-01-01 15:39:00,1900-01-01 08:25:00,16.766666666666666,106.25076452912809,30.72483878144105,2024
Estonia,Tallinn,59.43,24.73,Europe/Tallinn,1720357200,2024-07-07 16:00:00,19.1,66.4,Partly cloudy,12.5,20.2,230,SW,1008.0,29.77,0.01,0.0,64,25,19.1,66.4,10.0,6.0,4.0,19.6,31.6,168.6,80.1,0.7,0.3,1.8,1.9,1,1,04:17 AM,10:34 PM,05:01 AM,No moonset,Waxing Crescent,1,0 days 23:45:00,7,36.787944117144235,99,100.0,1900-01-01 22:34:00,1900-01-01 04:17:00,5.716666666666665,70.33074936902534,57.47237887564034,2024
Denmark,Copenhagen,55.6667,12.5833,Europe/Copenhagen,1762502400,2025-11-07 09:00:00,9.1,48.4,Mist,13.0,20.9,166,SSE,1012.0,29.88,0.0,0.0,93,0,6.2,43.1,8.0,4.0,0.2,18.6,29.9,228.85,32.0,23.75,3.15,15.35,19.65,1,2,07:29 AM,04:17 PM,04:36 PM,10:53 AM,Waning Gibbous,97,1 days 00:00:00,11,100.0,3,80.0,1900-01-01 16:17:00,1900-01-01 07:29:00,15.2,102.84193554110644,83.87629033116596,2025
Denmark,Copenhagen,55.6667,12.5833,Europe/Copenhagen,1743758100,2025-04-04 11:15:00,14.1,57.4,Sunny,7.2,11.5,302,WNW,1022.0,30.18,0.0,0.0,44,0,13.3,56.0,10.0,6.0,2.2,12.2,19.7,421.8,53.0,37.555,1.85,16.095,20.72,2,2,06:32 AM,07:54 PM,09:10 AM,03:58 AM,Waxing Crescent,37,1 days 00:15:00,4,100.0,63,100.0,1900-01-01 19:54:00,1900-01-01 06:32:00,10.633333333333333,90.61407131749309,93.04211069762397,2025
Sweden,Stockholm,59.3333,18.05,Europe/Stockholm,1766474100,2025-12-23 08:15:00,0.3,32.5,Partly cloudy,8.3,13.3,56,ENE,1033.0,30.5,0.35,0.01,93,75,-3.7,25.3,10.0,6.0,0.0,11.9,19.1,164.85,42.0,6.65,1.35,2.75,3.55,1,1,08:44 AM,02:49 PM,11:07 AM,06:18 PM,Waxing Crescent,8,1 days 00:00:00,12,4.978706836786395,92,100.0,1900-01-01 14:49:00,1900-01-01 08:44:00,17.916666666666668,108.56679711833881,43.072243669822655,2025
Denmark,Copenhagen,55.67,12.58,Europe/Copenhagen,1723032000,2024-08-07 14:00:00,22.3,72.2,Sunny,14.3,23.0,151,SSE,1011.0,29.85,0.0,0.0,64,21,24.7,76.4,10.0,6.0,6.0,18.8,30.2,190.3,117.3,3.3,3.0,7.0,7.9,1,1,05:27 AM,09:02 PM,08:38 AM,10:01 PM,Waxing Crescent,6,0 days 23:45:00,8,43.17105234290797,94,100.0,1900-01-01 21:02:00,1900-01-01 05:27:00,8.416666666666666,82.80796153674042,62.42382563625584,2024
Sweden,Stockholm,59.33,18.05,Europe/Stockholm,1718804700,2024-06-19 15:45:00,19.2,66.6,Partly cloudy,12.5,20.2,270,W,1006.0,29.71,0.29,0.01,56,25,19.2,66.6,10.0,6.0,4.0,17.0,27.4,166.9,77.3,3.0,3.1,0.7,1.2,1,1,03:31 AM,10:08 PM,08:01 PM,01:25 AM,Waxing Gibbous,90,0 days 23:45:00,6,36.787944117144235,10,100.0,1900-01-01 22:08:00,1900-01-01 03:31:00,5.383333333333333,68.45111018267202,43.840432997687344,2024
Estonia,Tallinn,59.4339,24.7281,Europe/Tallinn,1763709300,2025-11-21 09:15:00,0.3,32.5,Light snow,10.1,16.2,146,SSE,1007.0,29.74,0.11,0.0,93,75,-4.3,24.3,6.0,3.0,0.0,14.5,23.3,190.85,34.0,6.45,1.55,8.65,9.25,1,1,08:30 AM,03:43 PM,10:55 AM,02:55 PM,Waxing Crescent,1,1 days 00:00:00,11,4.978706836786395,99,60.0,1900-01-01 15:43:00,1900-01-01 08:30:00,16.78333333333333,106.28538894545471,39.78003244389004,2025
Estonia,Tallinn,59.4339,24.7281,Europe/Tallinn,1752396300,2025-07-13 11:45:00,20.4,68.7,Partly cloudy,5.4,8.6,315,NW,1019.0,30.09,0.0,0.0,73,75,20.4,68.7,10.0,6.0,3.8,8.3,13.4,318.2,59.0,26.455,0.74,7.585,12.025,1,1,04:26 AM,10:26 PM,11:38 PM,07:15 AM,Waning Gibbous,95,1 days 00:00:00,7,4.978706836786395,5,100.0,1900-01-01 22:26:00,1900-01-01 04:26:00,6.0,71.85650207899779,24.515699413921503,2025
Finland,Helsinki,60.18,24.93,Europe/Helsinki,1724587200,2024-08-25 15:00:00,25.0,77.0,Sunny,21.7,34.9,150,SSE,1007.0,29.74,0.0,0.0,54,0,26.2,79.1,10.0,6.0,6.0,24.9,40.1,247.0,121.6,1.8,1.9,13.1,15.0,1,2,05:59 AM,08:44 PM,09:22 PM,03:09 PM,Waning Gibbous,65,1 days 00:00:00,8,100.0,35,100.0,1900-01-01 20:44:00,1900-01-01 05:59:00,9.25,85.93923792982811,88.14088568947422,2024
Estonia,Tallinn,59.4339,24.7281,Europe/Tallinn,1760858100,2025-10-19 10:15:00,3.3,37.9,Partly cloudy,9.6,15.5,214,SW,1020.0,30.12,0.0,0.0,87,75,-0.4,31.2,10.0,6.0,0.1,13.8,22.2,177.85,45.0,11.95,1.25,5.35,6.85,1,1,08:09 AM,06:02 PM,05:31 AM,05:20 PM,Waning Crescent,6,0 days 23:15:00,10,4.978706836786395,94,100.0,1900-01-01 18:02:00,1900-01-01 08:09:00,14.116666666666667,100.28609834439821,42.130138853731566,2025
Finland,Helsinki,60.18,24.93,Europe/Helsinki,1726230600,2024-09-13 15:30:00,17.1,62.8,Light rain,2.2,3.6,270,W,1014.0,29.94,0.01,0.0,100,100,17.1,62.8,3.0,1.0,4.0,3.0,4.8,340.4,46.0,21.46,1.295,12.95,15.355,1,2,06:44 AM,07:47 PM,07:33 PM,11:30 PM,Waxing Gibbous,68,1 days 00:15:00,9,1.8315638888734178,32,30.0,1900-01-01 19:47:00,1900-01-01 06:44:00,10.95,91.60580839187661,22.639809592105543,2024
Latvia,Riga,56.95,24.1,Europe/Riga,1728984600,2024-10-15 12:30:00,11.3,52.3,Partly cloudy,11.4,18.4,334,NNW,1015.0,29.97,0.65,0.03,76,50,9.2,48.5,10.0,6.0,0.9,15.2,24.5,338.55,43.0,25.53,2.775,11.285,17.02,1,1,07:57 AM,06:20 PM,05:49 PM,04:26 AM,Waxing Gibbous,91,1 days 00:00:00,10,13.53352832366127,9,100.0,1900-01-01 18:20:00,1900-01-01 07:57:00,13.616666666666667,99.04404390503578,34.32672357995213,2024
Iceland,Reykjavik,64.15,-21.95,Atlantic/Reykjavik,1770619500,2026-02-09 06:45:00,-1.8,28.8,Clear,8.7,14.0,41,NE,1007.0,29.74,0.0,0.0,74,0,-6.4,20.4,10.0,6.0,0.0,16.0,25.7,155.85,66.0,2.75,2.05,2.65,3.55,1,1,09:43 AM,05:42 PM,04:42 AM,09:18 AM,Last Quarter,55,1 days 00:00:00,2,100.0,45,100.0,1900-01-01 17:42:00,1900-01-01 09:43:00,16.016666666666666,104.65807667778878,92.44871150166831,2026
Iceland,Vestmannaeyjar,63.37,-20.21,Atlantic/Reykjavik,1724932800,2024-08-29 12:00:00,9.0,48.2,Sunny,16.6,26.6,314,NW,1006.0,29.7,0.0,0.0,70,1,5.6,42.0,10.0,6.0,3.0,25.0,40.2,263.7,78.7,0.2,0.7,0.5,0.7,1,1,05:59 AM,08:42 PM,12:00 AM,12:00 AM,Waning Crescent,24,0 days 23:30:00,8,96.07894391523232,76,100.0,1900-01-01 20:42:00,1900-01-01 05:59:00,9.283333333333333,86.05913068874183,91.95623595245067,2024
Finland,Helsinki,60.1756,24.9342,Europe/Helsinki,1749199500,2025-06-06 11:45:00,15.2,59.4,Partly Cloudy,8.7,14.0,197,SSW,1008.0,29.77,0.0,0.0,63,25,15.2,59.4,10.0,6.0,2.4,12.0,19.3,259.0,74.0,20.35,0.925,12.21,17.945,1,2,04:01 AM,10:38 PM,05:10 PM,02:19 AM,Waxing Gibbous,75,1 days 00:00:00,6,36.787944117144235,25,100.0,1900-01-01 22:38:00,1900-01-01 04:01:00,5.383333333333333,68.45111018267202,46.090432997687344,2025
Russia,Moscow,55.7522,37.6156,Europe/Moscow,1752483600,2025-07-14 12:00:00,27.2,81.0,Partly cloudy,4.9,7.9,120,ESE,1013.0,29.91,1.53,0.06,58,50,28.3,83.0,10.0,6.0,5.9,5.7,9.1,745.55,30.0,129.5,103.045,52.725,57.35,3,6,04:05 AM,09:05 PM,10:38 PM,08:10 AM,Waning Gibbous,90,1 days 00:15:00,7,13.53352832366127,10,100.0,1900-01-01 21:05:00,1900-01-01 04:05:00,7.0,76.78740744294464,31.138228110638458,2025
Estonia,Tallinn,59.4339,24.7281,Europe/Tallinn,1751360400,2025-07-01 12:00:00,18.2,64.8,Sunny,16.3,26.3,284,WNW,1013.0,29.91,0.0,0.0,60,0,18.2,64.8,10.0,6.0,5.5,25.8,41.6,244.2,54.0,3.7,0.37,4.255,6.66,1,1,04:09 AM,10:40 PM,12:05 PM,12:33 AM,Waxing Crescent,31,1 days 00:00:00,7,100.0,69,100.0,1900-01-01 22:40:00,1900-01-01 04:09:00,5.483333333333334,69.0251155844727,90.7037673376709,2025
Latvia,Riga,56.95,24.1,Europe/Riga,1735035300,2024-12-24 12:15:00,3.8,38.8,Partly Cloudy,6.7,10.8,222,SW,1019.0,30.09,0.0,0.0,81,34,1.1,33.9,10.0,6.0,0.2,10.3,16.6,662.3,4.0,48.1,11.1,55.5,66.6,3,7,09:01 AM,03:46 PM,01:43 AM,12:22 PM,Waning Crescent,41,1 days 00:00:00,12,25.66607769535559,59,100.0,1900-01-01 15:46:00,1900-01-01 09:01:00,17.25,107.24192183905856,50.335934893072135,2024
Iceland,Reykjavik,64.15,-21.95,Atlantic/Reykjavik,1760342400,2025-10-13 08:00:00,7.1,44.8,Partly cloudy,10.1,16.2,116,ESE,1020.0,30.12,0.12,0.0,87,75,4.2,39.5,10.0,6.0,0.0,15.5,25.0,143.85,42.0,7.45,3.55,4.55,5.65,1,1,08:13 AM,06:14 PM,12:00 AM,12:00 AM,Last Quarter,58,1 days 00:15:00,10,4.978706836786395,42,100.0,1900-01-01 18:14:00,1900-01-01 08:13:00,13.983333333333333,99.95894725835444,34.281066190825,2025
Estonia,Tallinn,59.4339,24.7281,Europe/Tallinn,1753346700,2025-07-24 11:45:00,27.2,81.0,Partly Cloudy,7.8,12.6,73,ENE,1009.0,29.8,0.0,0.0,54,25,29.3,84.7,10.0,6.0,3.5,13.4,21.6,349.65,58.0,14.615,1.295,16.465,18.5,2,2,04:48 AM,10:06 PM,03:05 AM,10:37 PM,New Moon,1,1 days 00:15:00,7,36.787944117144235,99,100.0,1900-01-01 22:06:00,1900-01-01 04:48:00,6.699999999999999,75.37601511334007,58.22916873728755,2025
Latvia,Riga,56.95,24.1,Europe/Riga,1722861000,2024-08-05 15:30:00,21.9,71.5,Sunny,8.7,14.0,346,NNW,1009.0,29.81,0.0,0.0,57,7,21.9,71.5,10.0,6.0,6.0,10.0,16.2,200.3,70.8,1.3,1.0,3.9,4.3,1,1,05:32 AM,09:27 PM,06:05 AM,10:08 PM,Waxing Crescent,0,1 days 00:00:00,8,75.57837414557255,100,100.0,1900-01-01 21:27:00,1900-01-01 05:32:00,8.083333333333334,81.4771170616813,82.56859204659573,2024
Finland,Helsinki,60.1756,24.9342,Europe/Helsinki,1761811200,2025-10-30 10:00:00,6.2,43.2,Partly cloudy,9.6,15.5,162,SSE,1004.0,29.65,0.0,0.0,93,50,3.2,37.7,10.0,6.0,0.2,14.2,22.9,160.85,41.0,20.05,1.65,4.45,7.65,1,1,07:39 AM,04:28 PM,03:27 PM,11:20 PM,Waxing Gibbous,52,1 days 00:00:00,10,13.53352832366127,48,100.0,1900-01-01 16:28:00,1900-01-01 07:39:00,15.183333333333334,102.80392530892186,40.74070579053504,2025
Norway,Oslo,59.9167,10.75,Europe/Oslo,1770446700,2026-02-07 07:45:00,5.3,41.5,Partly cloudy,4.5,7.2,10,N,1007.0,29.74,0.0,0.0,61,75,3.7,38.7,10.0,6.0,0.0,9.4,15.1,174.85,72.0,4.15,1.45,3.85,5.15,1,1,08:16 AM,04:47 PM,No moonrise,08:57 AM,Waning Gibbous,74,1 days 00:00:00,2,4.978706836786395,26,100.0,1900-01-01 16:47:00,1900-01-01 08:16:00,15.483333333333333,103.48219424662145,32.409553239065055,2026
Finland,Helsinki,60.18,24.93,Europe/Helsinki,1719839700,2024-07-01 16:15:00,21.3,70.3,Partly cloudy,19.2,31.0,200,SSW,999.0,29.5,0.0,0.0,73,75,21.3,70.3,10.0,6.0,4.0,20.4,32.8,158.6,73.0,1.7,0.7,1.3,1.9,1,1,04:01 AM,10:47 PM,01:00 AM,05:57 PM,Waning Crescent,27,0 days 23:45:00,7,4.978706836786395,73,100.0,1900-01-01 22:47:00,1900-01-01 04:01:00,5.233333333333334,67.57301745911633,34.07317672093929,2024
Estonia,Tallinn,59.4339,24.7281,Europe/Tallinn,1760255100,2025-10-12 10:45:00,8.2,46.8,Partly cloudy,20.1,32.4,347,NNW,1005.0,29.68,0.07,0.0,71,50,4.1,39.3,10.0,6.0,0.3,25.4,40.9,136.85,68.0,3.65,1.05,2.65,4.25,1,1,07:52 AM,06:21 PM,08:04 PM,04:36 PM,Waning Gibbous,71,0 days 23:45:00,10,13.53352832366127,29,100.0,1900-01-01 18:21:00,1900-01-01 07:52:00,13.516666666666667,98.79053990732973,37.28869798029622,2025
Iceland,Vestmannaeyjar,63.365,-20.2075,Atlantic/Reykjavik,1749977100,2025-06-15 08:45:00,8.8,47.8,Sunny,12.3,19.8,273,W,1011.0,29.86,0.0,0.0,84,10,5.9,42.6,10.0,6.0,1.1,18.8,30.2,231.354,77.0,0.734,0.551,7.161,11.017,1,1,03:08 AM,11:36 PM,02:03 AM,07:26 AM,Waning Gibbous,87,0 days 23:45:00,6,67.03200460356393,13,100.0,1900-01-01 23:36:00,1900-01-01 03:08:00,3.533333333333335,55.813496494958436,60.54122723638213,2025
Denmark,Copenhagen,55.6667,12.5833,Europe/Copenhagen,1753432200,2025-07-25 10:30:00,22.2,72.0,Partly cloudy,4.0,6.5,311,NW,1012.0,29.88,0.5,0.02,78,50,24.6,76.3,10.0,6.0,3.4,6.0,9.7,386.65,62.0,27.01,1.11,17.02,21.275,2,2,05:03 AM,09:29 PM,05:15 AM,10:10 PM,Waxing Crescent,0,0 days 23:45:00,7,13.53352832366127,100,100.0,1900-01-01 21:29:00,1900-01-01 05:03:00,7.566666666666666,79.31458221708189,45.017304326759046,2025
Russia,Lom,59.13,44.3,Europe/Moscow,1720789200,2024-07-12 16:00:00,22.5,72.5,Sunny,3.4,5.4,21,NNE,1019.0,30.1,0.0,0.0,36,11,23.9,75.0,10.0,6.0,6.0,4.3,6.8,146.9,55.8,0.1,0.0,0.5,0.5,1,1,05:27 AM,06:46 PM,10:43 AM,10:58 PM,Waxing Crescent,32,1 days 00:15:00,7,64.40364210831414,68,100.0,1900-01-01 18:46:00,1900-01-01 05:27:00,10.683333333333334,90.77244298543602,72.4580517128039,2024
Iceland,Reykjavik,64.15,-21.95,Atlantic/Reykjavik,1758440700,2025-09-21 07:45:00,5.4,41.7,Partly cloudy,7.6,12.2,234,SW,1025.0,30.27,0.01,0.0,75,75,2.7,36.9,10.0,6.0,0.0,11.6,18.7,268.25,65.0,4.995,3.515,4.07,7.585,1,1,07:09 AM,07:32 PM,06:35 AM,07:14 PM,New Moon,1,1 days 00:00:00,9,4.978706836786395,99,100.0,1900-01-01 19:32:00,1900-01-01 07:09:00,11.616666666666667,93.61047628229211,41.87879554441565,2025
Iceland,Vestmannaeyjar,63.37,-20.21,Atlantic/Reykjavik,1727256600,2024-09-25 09:30:00,4.2,39.6,Partly cloudy,13.0,20.9,19,NNE,1012.0,29.88,0.0,0.0,70,25,-0.1,31.9,10.0,6.0,2.0,19.7,31.6,312.144,70.0,0.734,0.551,2.754,6.61,1,1,07:14 AM,07:10 PM,12:00 AM,12:00 AM,Waning Crescent,48,0 days 23:45:00,9,36.787944117144235,52,100.0,1900-01-01 19:10:00,1900-01-01 07:14:00,12.066666666666666,94.90460911995868,54.108457838280344,2024
Estonia,Tallinn,59.4339,24.7281,Europe/Tallinn,1745832600,2025-04-28 12:30:00,13.2,55.8,Partly Cloudy,17.0,27.4,250,WSW,1017.0,30.03,0.0,0.0,51,25,10.9,51.6,10.0,6.0,2.9,25.7,41.4,286.75,80.0,7.215,0.555,9.99,15.54,1,1,05:30 AM,09:09 PM,05:09 AM,11:13 PM,New Moon,0,1 days 00:45:00,4,36.787944117144235,100,100.0,1900-01-01 21:09:00,1900-01-01 05:30:00,8.35,82.54560208635607,59.454606783239946,2025
Iceland,Reykjavik,64.15,-21.95,Atlantic/Reykjavik,1767164400,2025-12-31 07:00:00,6.1,43.0,Partly cloudy,27.5,44.3,294,WNW,1023.0,30.21,0.02,0.0,81,75,0.5,32.9,10.0,6.0,0.0,38.8,62.4,142.85,80.0,1.25,1.55,4.55,15.15,1,1,11:21 AM,03:42 PM,11:45 AM,08:56 AM,Waxing Gibbous,84,1 days 00:00:00,12,4.978706836786395,16,100.0,1900-01-01 15:42:00,1900-01-01 11:21:00,19.65,111.80425378284068,32.15786216949794,2025
Finland,Helsinki,60.1756,24.9342,Europe/Helsinki,1728898200,2024-10-14 12:30:00,9.8,49.6,Patchy rain nearby,2.2,3.6,357,N,1008.0,29.77,0.01,0.0,79,96,10.2,50.3,10.0,6.0,0.5,2.6,4.1,468.05,18.0,58.83,4.44,13.69,24.975,1,2,07:58 AM,06:13 PM,05:49 PM,02:28 AM,Waxing Gibbous,83,1 days 00:00:00,10,2.149360134508992,17,100.0,1900-01-01 18:13:00,1900-01-01 07:58:00,13.75,99.3793645956216,28.746520770048633,2024
Sweden,Stockholm,59.3333,18.05,Europe/Stockholm,1750928400,2025-06-26 11:00:00,21.3,70.3,Partly Cloudy,5.1,8.3,284,WNW,1009.0,29.8,0.0,0.0,46,0,21.3,70.3,10.0,6.0,4.6,5.9,9.5,308.95,62.0,12.58,0.74,5.735,15.17,1,1,03:33 AM,10:08 PM,03:27 AM,11:47 PM,Waxing Crescent,0,1 days 00:00:00,6,100.0,100,100.0,1900-01-01 22:08:00,1900-01-01 03:33:00,5.416666666666668,68.64343841591595,95.29651576238739,2025
Russia,Moscow,55.7522,37.6156,Europe/Moscow,1740045600,2025-02-20 13:00:00,-7.8,18.0,Partly cloudy,5.1,8.3,355,N,1031.0,30.45,0.0,0.0,67,75,-12.0,10.4,10.0,6.0,1.0,6.7,10.7,1113.7,18.0,117.845,145.78,79.365,87.135,4,10,07:43 AM,05:45 PM,02:21 AM,09:18 AM,Last Quarter,58,0 days 23:45:00,2,4.978706836786395,42,100.0,1900-01-01 17:45:00,1900-01-01 07:43:00,13.966666666666667,99.91784882639156,34.27490142603057,2025
Estonia,Tallinn,59.4339,24.7281,Europe/Tallinn,1733481000,2024-12-06 12:30:00,-1.9,28.6,Overcast,13.0,20.9,157,SSE,1021.0,30.15,0.0,0.0,86,100,-7.8,18.0,10.0,6.0,0.1,17.5,28.2,401.45,43.0,9.25,2.775,21.46,22.94,2,2,09:01 AM,03:23 PM,01:07 PM,08:46 PM,Waxing Crescent,22,1 days 00:00:00,12,1.8315638888734178,78,100.0,1900-01-01 15:23:00,1900-01-01 09:01:00,17.633333333333333,108.00952250820357,39.000366709554584,2024
Norway,Oslo,59.9167,10.75,Europe/Oslo,1731315600,2024-11-11 10:00:00,4.0,39.2,Partly cloudy,2.2,3.6,267,W,1025.0,30.27,0.01,0.0,93,75,3.6,38.5,10.0,6.0,0.1,6.7,10.8,917.6,9.0,96.2,3.885,46.25,57.72,3,5,08:05 AM,03:56 PM,02:55 PM,12:43 AM,Waxing Gibbous,69,1 days 00:15:00,11,4.978706836786395,31,100.0,1900-01-01 15:56:00,1900-01-01 08:05:00,16.15,104.94628838325153,33.37916735955957,2024
Russia,Moscow,55.7522,37.6156,Europe/Moscow,1729588500,2024-10-22 12:15:00,11.4,52.5,Sunny,10.5,16.9,264,W,1021.0,30.15,0.0,0.0,66,0,9.4,49.0,10.0,6.0,0.2,13.7,22.0,553.15,20.0,62.345,54.945,38.11,42.735,2,4,07:16 AM,05:12 PM,07:42 PM,02:26 PM,Waning Gibbous,74,1 days 00:00:00,10,100.0,26,100.0,1900-01-01 17:12:00,1900-01-01 07:16:00,14.066666666666666,100.16375608790638,88.92456341318596,2024
Russia,Moscow,55.7522,37.6156,Europe/Moscow,1741686300,2025-03-11 12:45:00,10.3,50.5,Sunny,10.7,17.3,189,S,1002.0,29.59,0.0,0.0,58,0,8.0,46.5,10.0,6.0,1.6,14.4,23.2,801.05,27.0,71.41,95.09,52.355,67.525,3,6,06:55 AM,06:25 PM,02:51 PM,06:34 AM,Waxing Gibbous,89,1 days 00:00:00,3,100.0,11,100.0,1900-01-01 18:25:00,1900-01-01 06:55:00,12.5,96.10935884368232,86.06640382655235,2025
Estonia,Tallinn,59.4339,24.7281,Europe/Tallinn,1733394600,2024-12-05 12:30:00,-2.6,27.3,Moderate snow,14.8,23.8,145,SE,1028.0,30.36,0.05,0.0,86,75,-9.1,15.7,10.0,6.0,0.1,20.0,32.1,347.8,59.0,12.21,2.775,9.435,11.1,1,1,09:00 AM,03:24 PM,01:03 PM,07:03 PM,Waxing Crescent,14,1 days 00:15:00,12,4.978706836786395,86,100.0,1900-01-01 15:24:00,1900-01-01 09:00:00,17.6,107.9434044291126,42.07873476643873,2024
Russia,Moscow,55.7522,37.6156,Europe/Moscow,1768978800,2026-01-21 10:00:00,-6.8,19.8,Overcast,3.6,5.8,7,N,1019.0,30.09,0.02,0.0,93,100,-9.7,14.5,6.0,3.0,0.2,5.9,9.5,633.85,0.0,62.95,105.25,54.25,82.35,3,7,08:42 AM,04:40 PM,09:52 AM,07:55 PM,Waxing Crescent,4,0 days 23:45:00,1,1.8315638888734178,96,60.0,1900-01-01 16:40:00,1900-01-01 08:42:00,16.03333333333333,104.69422639903789,37.20307229317973,2026
Sweden,Stockholm,59.3333,18.05,Europe/Stockholm,1762932600,2025-11-12 08:30:00,8.3,46.9,Partly cloudy,8.9,14.4,202,SSW,1009.0,29.8,0.0,0.0,93,75,5.9,42.6,10.0,6.0,0.0,14.6,23.5,160.85,47.0,9.95,1.35,8.05,10.45,1,1,07:35 AM,03:29 PM,10:53 PM,01:57 PM,Last Quarter,53,0 days 23:45:00,11,4.978706836786395,47,100.0,1900-01-01 15:29:00,1900-01-01 07:35:00,16.1,104.83847243131143,35.762994966768545,2025
Russia,Moscow,55.7522,37.6156,Europe/Moscow,1742723100,2025-03-23 12:45:00,4.4,39.9,Sunny,6.7,10.8,110,ESE,1036.0,30.59,0.0,0.0,25,0,1.8,35.2,10.0,6.0,2.5,7.7,12.4,1028.6,47.0,92.685,145.595,53.095,78.625,3,6,06:24 AM,06:49 PM,04:40 AM,09:54 AM,Waning Crescent,46,1 days 00:00:00,3,100.0,54,100.0,1900-01-01 18:49:00,1900-01-01 06:24:00,11.583333333333334,93.51278591498107,92.12691788724716,2025
Norway,Oslo,59.9167,10.75,Europe/Oslo,1763709300,2025-11-21 08:15:00,-7.7,18.1,Clear,2.7,4.3,302,WNW,1015.0,29.97,0.0,0.0,79,0,-9.9,14.2,10.0,6.0,0.0,5.6,9.1,201.85,43.0,15.25,1.95,7.05,10.85,1,1,08:29 AM,03:36 PM,11:03 AM,02:43 PM,Waxing Crescent,1,1 days 00:00:00,11,100.0,99,100.0,1900-01-01 15:36:00,1900-01-01 08:29:00,16.883333333333333,106.49245642620757,98.0,2025
Iceland,Reykjavik,64.15,-21.95,Atlantic/Reykjavik,1772088300,2026-02-26 06:45:00,3.1,37.6,Light rain,25.7,41.4,114,ESE,977.0,28.85,0.85,0.03,81,75,-3.3,26.0,10.0,6.0,0.0,33.6,54.1,149.85,94.0,1.75,4.05,3.15,6.65,1,1,08:46 AM,06:37 PM,****,****,Waxing Gibbous,67,1 days 00:00:00,2,4.978706836786395,33,100.0,1900-01-01 18:37:00,1900-01-01 08:46:00,14.15,100.36743524359773,32.9923393886115,2026
Finland,Helsinki,60.1756,24.9342,Europe/Helsinki,1733223600,2024-12-03 13:00:00,-1.8,28.8,Moderate snow,14.1,22.7,347,NNW,1009.0,29.8,0.91,0.04,100,75,-7.9,17.8,0.9,0.0,0.0,18.7,30.2,310.8,66.0,13.32,2.22,2.775,4.625,1,1,09:01 AM,03:19 PM,12:44 PM,03:29 PM,Waxing Crescent,3,1 days 00:30:00,12,4.978706836786395,97,9.0,1900-01-01 15:19:00,1900-01-01 09:01:00,17.7,108.1414045673376,34.658434787172475,2024
Denmark,Copenhagen,55.6667,12.5833,Europe/Copenhagen,1744879500,2025-04-17 10:45:00,13.1,55.6,Sunny,15.4,24.8,101,ESE,1010.0,29.83,0.0,0.0,82,0,10.9,51.7,10.0,6.0,1.9,26.7,42.9,392.2,69.0,27.01,1.48,30.895,35.15,2,3,06:00 AM,08:20 PM,01:13 AM,06:52 AM,Waning Gibbous,87,0 days 23:45:00,4,100.0,13,100.0,1900-01-01 20:20:00,1900-01-01 06:00:00,9.666666666666666,87.41062529668646,85.06159379450297,2025
Latvia,Riga,56.95,24.1,Europe/Riga,1756369800,2025-08-28 11:30:00,16.3,61.3,Patchy rain nearby,6.3,10.1,141,SE,1014.0,29.94,0.12,0.0,68,0,16.3,61.3,10.0,6.0,2.3,10.5,16.8,336.7,37.0,22.57,2.035,12.21,18.685,1,2,06:18 AM,08:30 PM,12:47 PM,09:11 PM,Waxing Crescent,20,1 days 00:30:00,8,100.0,80,100.0,1900-01-01 20:30:00,1900-01-01 06:18:00,9.8,87.86935091386671,95.18040263708001,2025
Iceland,Vestmannaeyjar,63.365,-20.2075,Atlantic/Reykjavik,1734777900,2024-12-21 10:45:00,2.7,36.9,Light snow showers,12.5,20.2,50,NE,974.0,28.75,0.05,0.0,90,99,-1.8,28.7,10.0,6.0,0.0,18.5,29.7,253.388,89.0,0.551,0.184,3.305,11.935,1,1,11:03 AM,03:35 PM,No moonrise,01:23 PM,Waning Gibbous,68,1 days 00:15:00,12,1.9063114291611636,32,100.0,1900-01-01 15:35:00,1900-01-01 11:03:00,19.46666666666667,111.4749477412309,32.66502901868133,2024
Finland,Helsinki,60.1756,24.9342,Europe/Helsinki,1772088300,2026-02-26 08:45:00,-1.8,28.8,Patchy light snow,17.7,28.4,187,S,1019.0,30.09,0.9,0.04,86,75,-8.6,16.4,1.6,0.0,0.0,26.5,42.7,197.85,67.0,8.25,2.55,7.85,9.15,1,1,07:28 AM,05:40 PM,09:24 AM,06:32 AM,Waxing Gibbous,66,1 days 00:00:00,2,4.978706836786395,34,16.0,1900-01-01 17:40:00,1900-01-01 07:28:00,13.8,99.50432896972599,24.61287344753073,2026
Sweden,Stockholm,59.3333,18.05,Europe/Stockholm,1728811800,2024-10-13 11:30:00,10.3,50.5,Partly cloudy,13.0,20.9,145,SE,1008.0,29.77,0.12,0.0,87,75,7.7,45.8,10.0,6.0,0.4,17.8,28.6,321.9,60.0,15.355,0.925,7.215,13.32,1,1,07:22 AM,05:45 PM,05:13 PM,12:14 AM,Waxing Gibbous,73,0 days 23:45:00,10,4.978706836786395,27,100.0,1900-01-01 17:45:00,1900-01-01 07:22:00,13.616666666666667,99.04404390503578,31.8938306878272,2024
Norway,Oslo,59.9167,10.75,Europe/Oslo,1751100300,2025-06-28 10:45:00,13.2,55.8,Partly cloudy,5.1,8.3,219,SW,1002.0,29.59,0.01,0.0,88,75,12.7,54.9,9.0,5.0,0.7,5.9,9.5,416.25,55.0,17.76,2.035,7.4,10.36,1,1,03:57 AM,10:43 PM,07:26 AM,12:29 AM,Waxing Crescent,8,0 days 23:45:00,6,4.978706836786395,92,90.0,1900-01-01 22:43:00,1900-01-01 03:57:00,5.233333333333334,67.57301745911633,35.92317672093928,2025
Latvia,Riga,56.95,24.1,Europe/Riga,1717251300,2024-06-01 17:15:00,22.0,71.6,Partly cloudy,9.4,15.1,70,ENE,1012.0,29.88,0.07,0.0,65,25,24.6,76.2,10.0,6.0,4.0,13.9,22.3,220.3,69.4,10.3,3.1,2.5,3.0,1,1,04:38 AM,10:05 PM,02:52 AM,03:09 PM,Waning Crescent,35,1 days 00:00:00,6,36.787944117144235,65,100.0,1900-01-01 22:05:00,1900-01-01 04:38:00,6.550000000000001,74.64956013142366,53.020200490000086,2024
Latvia,Riga,56.95,24.1,Europe/Riga,1770969600,2026-02-13 10:00:00,-6.8,19.8,Moderate snow,13.6,22.0,58,ENE,992.0,29.29,0.63,0.02,93,100,-14.2,6.5,1.8,1.0,0.1,19.9,32.0,205.85,62.0,8.65,2.95,9.75,10.65,1,1,07:57 AM,05:20 PM,06:54 AM,11:42 AM,Waning Crescent,20,1 days 01:15:00,2,1.8315638888734178,80,18.0,1900-01-01 17:20:00,1900-01-01 07:57:00,14.616666666666667,101.48773161212867,30.12209807514335,2026
Latvia,Riga,56.95,24.1,Europe/Riga,1734777900,2024-12-21 12:45:00,2.7,36.9,Overcast,15.0,24.1,202,SSW,1006.0,29.7,0.0,0.0,73,95,-2.3,27.8,10.0,6.0,0.2,22.1,35.6,299.7,62.0,7.215,2.035,7.585,10.73,1,1,09:00 AM,03:44 PM,11:09 PM,12:12 PM,Waning Gibbous,69,1 days 00:15:00,12,2.23707718561656,31,100.0,1900-01-01 15:44:00,1900-01-01 09:00:00,17.266666666666666,107.27562968010922,32.08359076338632,2024
Russia,Moscow,55.7522,37.6156,Europe/Moscow,1732790700,2024-11-28 13:45:00,-1.8,28.8,Light snow,3.6,5.8,229,SW,1020.0,30.12,0.0,0.0,93,100,-4.0,24.8,4.7,2.0,0.4,5.1,8.1,1887.0,1.0,115.07,258.815,202.575,248.825,5,10,08:30 AM,04:04 PM,05:18 AM,02:28 PM,Waning Crescent,11,1 days 02:15:00,11,1.8315638888734178,89,47.0,1900-01-01 16:04:00,1900-01-01 08:30:00,16.433333333333334,105.55136980988647,34.98164380480702,2024
Denmark,Copenhagen,55.67,12.58,Europe/Copenhagen,1727171100,2024-09-24 11:45:00,16.0,60.8,Moderate rain,7.2,11.5,234,SW,1003.0,29.62,0.48,0.02,94,25,16.0,60.8,8.0,4.0,4.0,10.0,16.1,458.8,38.0,34.41,2.775,43.845,45.695,3,5,07:00 AM,07:02 PM,09:34 PM,04:24 PM,Last Quarter,58,1 days 00:00:00,9,36.787944117144235,42,80.0,1900-01-01 19:02:00,1900-01-01 07:00:00,11.966666666666667,94.62091806545423,50.56590418010468,2024
Russia,Moscow,55.7522,37.6156,Europe/Moscow,1763536500,2025-11-19 10:15:00,0.4,32.7,Partly cloudy,8.7,14.0,251,WSW,1015.0,29.97,0.0,0.0,86,75,-3.7,25.3,10.0,6.0,0.2,11.6,18.6,433.85,3.0,75.45,39.45,31.05,38.25,2,3,08:13 AM,04:16 PM,07:36 AM,03:10 PM,Waning Crescent,2,0 days 23:45:00,11,4.978706836786395,98,100.0,1900-01-01 16:16:00,1900-01-01 08:13:00,15.95,104.51312286140431,43.364192531282484,2025
Finland,Helsinki,60.1756,24.9342,Europe/Helsinki,1762415100,2025-11-06 09:45:00,10.2,50.4,Partly cloudy,10.1,16.2,251,WSW,1011.0,29.85,0.03,0.0,94,75,8.0,46.4,10.0,6.0,0.0,15.7,25.2,155.85,41.0,10.35,1.75,5.35,8.65,1,1,07:57 AM,04:10 PM,03:28 PM,10:02 AM,Waning Gibbous,100,0 days 23:30:00,11,4.978706836786395,0,100.0,1900-01-01 16:10:00,1900-01-01 07:57:00,15.783333333333333,104.1482292074397,28.60945848318779,2025
Latvia,Riga,56.95,24.1,Europe/Riga,1749113100,2025-06-05 11:45:00,19.0,66.2,Overcast,6.5,10.4,190,S,1008.0,29.77,0.36,0.01,83,100,19.0,66.2,10.0,6.0,1.0,10.0,16.0,281.2,73.0,12.95,1.11,12.21,14.43,1,2,04:34 AM,10:10 PM,03:44 PM,02:27 AM,Waxing Gibbous,66,0 days 23:45:00,6,1.8315638888734178,34,100.0,1900-01-01 22:10:00,1900-01-01 04:34:00,6.399999999999999,73.90852648874443,27.285217306635715,2025
Finland,Helsinki,60.1756,24.9342,Europe/Helsinki,1760083200,2025-10-10 11:00:00,10.1,50.2,Partly cloudy,15.2,24.5,344,NNW,1005.0,29.68,0.0,0.0,94,50,7.1,44.8,10.0,6.0,0.3,20.6,33.2,157.85,49.0,11.85,1.85,3.55,4.65,1,1,07:48 AM,06:25 PM,06:19 PM,01:52 PM,Waning Gibbous,89,1 days 00:00:00,10,13.53352832366127,11,100.0,1900-01-01 18:25:00,1900-01-01 07:48:00,13.383333333333333,98.4498045042224,34.53758766983012,2025
Sweden,Stockholm,59.33,18.05,Europe/Stockholm,1717424100,2024-06-03 16:15:00,20.0,68.0,Partly cloudy,3.8,6.1,180,S,1004.0,29.65,0.0,0.0,83,25,20.0,68.0,10.0,6.0,6.0,16.7,26.9,203.6,75.1,8.7,8.4,2.3,3.6,1,1,03:41 AM,09:53 PM,02:19 AM,05:58 PM,Waning Crescent,16,1 days 00:15:00,6,36.787944117144235,84,100.0,1900-01-01 21:53:00,1900-01-01 03:41:00,5.800000000000001,70.78608112219817,55.290678638616264,2024
Latvia,Riga,56.95,24.1,Europe/Riga,1738751400,2025-02-05 12:30:00,1.4,34.5,Overcast,11.9,19.1,180,S,1029.0,30.39,0.0,0.0,86,100,-3.3,26.0,10.0,6.0,0.6,16.4,26.4,408.85,44.0,14.615,2.59,14.43,20.165,1,2,08:14 AM,05:02 PM,09:54 AM,02:02 AM,First Quarter,45,1 days 00:00:00,2,1.8315638888734178,55,100.0,1900-01-01 17:02:00,1900-01-01 08:14:00,15.2,102.84193554110644,34.775228664490015,2025
Russia,Moscow,55.7522,37.6156,Europe/Moscow,1751186700,2025-06-29 11:45:00,19.2,66.6,Patchy rain nearby,9.6,15.5,223,SW,1003.0,29.62,0.24,0.01,68,0,19.2,66.6,10.0,6.0,5.2,11.8,18.9,486.55,38.0,58.83,55.315,25.715,32.93,2,3,03:49 AM,09:18 PM,08:28 AM,11:32 PM,Waxing Crescent,14,1 days 00:00:00,6,100.0,86,100.0,1900-01-01 21:18:00,1900-01-01 03:49:00,6.516666666666666,74.48616633693067,94.0729249505396,2025
Russia,Moscow,55.7522,37.6156,Europe/Moscow,1758873600,2025-09-26 11:00:00,10.1,50.2,Cloudy,10.1,16.2,309,NW,1030.0,30.42,0.0,0.0,62,0,7.9,46.2,10.0,6.0,1.9,11.6,18.6,789.95,22.0,70.67,81.585,46.065,61.975,3,5,06:22 AM,06:18 PM,12:07 PM,06:54 PM,Waxing Crescent,15,1 days 00:30:00,9,100.0,85,100.0,1900-01-01 18:18:00,1900-01-01 06:22:00,12.066666666666666,94.90460911995868,96.98569136799381,2025
Sweden,Stockholm,59.33,18.05,Europe/Stockholm,1720962900,2024-07-14 15:15:00,20.4,68.7,Partly cloudy,8.1,13.0,180,S,1008.0,29.77,0.0,0.0,73,75,20.4,68.7,10.0,6.0,6.0,15.4,24.8,210.3,49.4,17.1,12.2,6.4,7.7,1,1,03:56 AM,09:50 PM,02:31 PM,11:32 PM,Waxing Gibbous,50,2 days 00:15:00,7,4.978706836786395,50,100.0,1900-01-01 21:50:00,1900-01-01 03:56:00,6.100000000000001,72.38029720606683,31.34426868298186,2024
Sweden,Stockholm,59.3333,18.05,Europe/Stockholm,1731919500,2024-11-18 09:45:00,3.3,37.9,Sunny,6.7,10.8,316,NW,989.0,29.21,0.0,0.0,65,0,0.5,32.8,10.0,6.0,0.0,10.8,17.3,334.85,62.0,7.77,4.81,3.7,4.625,1,1,07:50 AM,03:16 PM,03:49 PM,12:25 PM,Waning Gibbous,94,1 days 00:00:00,11,100.0,6,100.0,1900-01-01 15:16:00,1900-01-01 07:50:00,16.566666666666666,105.8327192646838,86.77490788970258,2024
Russia,Moscow,55.7522,37.6156,Europe/Moscow,1752741900,2025-07-17 11:45:00,24.3,75.7,Moderate or heavy rain with thunder,7.8,12.6,61,ENE,1009.0,29.8,0.24,0.01,69,75,25.4,77.8,10.0,6.0,5.9,9.4,15.2,939.8,16.0,133.015,144.67,79.55,95.645,4,10,04:09 AM,09:01 PM,10:58 PM,12:38 PM,Waning Gibbous,63,1 days 00:00:00,7,4.978706836786395,37,100.0,1900-01-01 21:01:00,1900-01-01 04:09:00,7.133333333333333,77.39778393982357,30.14689169304537,2025
Estonia,Tallinn,59.4339,24.7281,Europe/Tallinn,1761033600,2025-10-21 11:00:00,3.3,37.9,Partly Cloudy,13.9,22.3,170,S,1013.0,29.91,0.0,0.0,81,0,-1.4,29.5,10.0,6.0,0.5,18.3,29.4,166.85,48.0,8.85,1.45,6.25,7.85,1,1,08:14 AM,05:56 PM,08:18 AM,05:20 PM,New Moon,0,1 days 00:15:00,10,100.0,100,100.0,1900-01-01 17:56:00,1900-01-01 08:14:00,14.3,100.73125037667765,98.0,2025
Estonia,Tallinn,59.4339,24.7281,Europe/Tallinn,1766906100,2025-12-28 09:15:00,0.2,32.4,Partly cloudy,26.6,42.8,351,N,1008.0,29.77,0.0,0.0,55,75,-7.4,18.8,10.0,6.0,0.0,35.3,56.8,141.85,75.0,1.85,1.05,2.45,3.45,1,1,09:20 AM,03:26 PM,11:46 AM,12:58 AM,Waxing Gibbous,51,1 days 00:15:00,12,4.978706836786395,49,100.0,1900-01-01 15:26:00,1900-01-01 09:20:00,17.9,108.5342480309014,36.617361306707046,2025
Norway,Oslo,59.92,10.75,Europe/Oslo,1716128100,2024-05-19 16:15:00,23.0,73.4,Sunny,5.6,9.0,310,NW,1011.0,29.85,0.0,0.0,31,0,23.6,74.5,10.0,6.0,6.0,11.8,19.0,180.2,113.0,1.6,1.9,3.6,3.9,1,1,04:30 AM,09:59 PM,04:57 PM,03:40 AM,Waxing Gibbous,81,0 days 23:45:00,5,100.0,19,100.0,1900-01-01 21:59:00,1900-01-01 04:30:00,6.516666666666666,74.48616633693067,84.02292495053959,2024
Estonia,Tallinn,59.43,24.73,Europe/Tallinn,1716561000,2024-05-24 17:30:00,21.0,69.8,Partly cloudy,10.5,16.9,320,NW,1023.0,30.21,0.01,0.0,53,25,21.0,69.8,10.0,6.0,4.0,15.0,24.1,212.0,101.6,5.0,2.9,5.0,5.5,1,1,04:28 AM,10:09 PM,No moonrise,03:55 AM,Waning Gibbous,100,1 days 00:30:00,5,36.787944117144235,0,100.0,1900-01-01 22:09:00,1900-01-01 04:28:00,6.316666666666666,73.49032340844542,43.09631498155335,2024
Finland,Helsinki,60.1756,24.9342,Europe/Helsinki,1734000300,2024-12-12 12:45:00,-2.9,26.8,Partly cloudy,17.9,28.8,336,NNW,1019.0,30.09,0.0,0.0,74,25,-10.1,13.8,10.0,6.0,0.1,25.3,40.7,308.95,67.0,12.765,2.775,4.625,10.915,1,1,09:16 AM,03:12 PM,01:07 PM,05:12 AM,Waxing Gibbous,84,0 days 23:45:00,12,36.787944117144235,16,100.0,1900-01-01 15:12:00,1900-01-01 09:16:00,18.066666666666666,108.85845500640252,50.801534721246924,2024
Finland,Helsinki,60.1756,24.9342,Europe/Helsinki,1731920400,2024-11-18 11:00:00,1.3,34.3,Partly cloudy,8.5,13.7,300,WNW,983.0,29.03,0.0,0.0,86,75,-2.6,27.4,10.0,6.0,0.2,11.7,18.9,316.35,68.0,10.175,8.695,4.995,5.55,1,1,08:28 AM,03:43 PM,04:00 PM,01:17 PM,Waning Gibbous,94,1 days 00:15:00,11,4.978706836786395,6,100.0,1900-01-01 15:43:00,1900-01-01 08:28:00,16.75,106.21610761686398,29.819640244601434,2024
Russia,Moscow,55.7522,37.6156,Europe/Moscow,1732961700,2024-11-30 13:15:00,1.3,34.3,Overcast,8.5,13.7,253,WSW,1029.0,30.39,0.0,0.0,86,100,-2.6,27.4,10.0,6.0,0.3,12.8,20.6,684.5,17.0,66.045,65.305,52.91,65.675,3,6,08:34 AM,04:02 PM,08:02 AM,02:51 PM,Waning Crescent,2,0 days 23:30:00,11,1.8315638888734178,98,100.0,1900-01-01 16:02:00,1900-01-01 08:34:00,16.53333333333333,105.76258261053759,41.66332572490469,2024
Denmark,Copenhagen,55.6667,12.5833,Europe/Copenhagen,1759389300,2025-10-02 09:15:00,11.1,52.0,Partly cloudy,5.8,9.4,95,E,1033.0,30.5,0.0,0.0,76,75,10.1,50.1,10.0,6.0,0.3,7.6,12.3,213.85,26.0,32.25,2.15,8.95,11.35,1,1,07:15 AM,06:42 PM,05:35 PM,12:02 AM,Waxing Gibbous,69,0 days 23:45:00,10,4.978706836786395,31,100.0,1900-01-01 18:42:00,1900-01-01 07:15:00,12.55,96.24587263060627,32.074104996662776,2025
Latvia,Riga,56.95,24.1,Europe/Riga,1765090800,2025-12-07 09:00:00,2.2,36.0,Overcast,10.5,16.9,158,SSE,1015.0,29.97,0.03,0.0,87,100,-2.0,28.4,10.0,6.0,0.0,14.8,23.8,188.85,39.0,5.85,2.25,9.65,12.25,1,1,08:46 AM,03:44 PM,05:57 PM,11:58 AM,Waning Gibbous,94,0 days 23:45:00,12,1.8315638888734178,6,100.0,1900-01-01 15:44:00,1900-01-01 08:46:00,17.03333333333333,106.80089667492707,28.01907283456311,2025
Latvia,Riga,56.95,24.1,Europe/Riga,1752741900,2025-07-17 11:45:00,24.2,75.6,Partly Cloudy,3.4,5.4,13,NNE,1009.0,29.8,0.0,0.0,65,25,25.7,78.2,10.0,6.0,1.8,4.0,6.4,382.95,38.0,18.5,1.48,13.32,17.76,1,2,04:55 AM,10:03 PM,11:49 PM,01:38 PM,Waning Gibbous,63,1 days 00:00:00,7,36.787944117144235,37,100.0,1900-01-01 22:03:00,1900-01-01 04:55:00,6.866666666666667,76.16677203856622,49.04778227607147,2025
Finland,Helsinki,60.18,24.93,Europe/Helsinki,1721825100,2024-07-24 15:45:00,22.7,72.9,Patchy rain nearby,5.8,9.4,129,SE,1012.0,29.89,0.36,0.01,63,87,24.8,76.7,9.0,5.0,5.0,7.5,12.1,181.9,68.7,4.5,2.9,4.1,5.0,1,1,04:42 AM,10:10 PM,11:13 PM,08:46 AM,Waning Gibbous,91,1 days 00:15:00,7,3.0807411032751078,9,90.0,1900-01-01 22:10:00,1900-01-01 04:42:00,6.533333333333335,74.56795360692485,23.383637703003792,2024
Estonia,Tallinn,59.4339,24.7281,Europe/Tallinn,1735465500,2024-12-29 11:45:00,5.1,41.2,Light rain,18.6,29.9,218,SW,1009.0,29.8,0.07,0.0,87,100,0.2,32.3,6.0,3.0,0.0,27.9,44.9,273.8,51.0,6.475,0.74,7.4,11.84,1,1,09:19 AM,03:28 PM,09:12 AM,12:45 PM,Waning Crescent,4,0 days 23:30:00,12,1.8315638888734178,96,60.0,1900-01-01 15:28:00,1900-01-01 09:19:00,17.85,108.43642827222415,37.76440257415767,2024
Latvia,Riga,56.95,24.1,Europe/Riga,1740736800,2025-02-28 12:00:00,3.0,37.4,Overcast,4.3,6.8,26,NNE,1021.0,30.15,0.0,0.0,87,100,1.1,34.1,7.0,4.0,0.9,6.0,9.6,703.0,17.0,47.545,11.655,65.12,71.04,3,9,07:19 AM,05:54 PM,07:40 AM,06:39 PM,New Moon,0,1 days 00:15:00,2,1.8315638888734178,100,70.0,1900-01-01 17:54:00,1900-01-01 07:19:00,13.416666666666666,98.53528356393514,37.879230867914316,2025
Norway,Oslo,59.9167,10.75,Europe/Oslo,1755764100,2025-08-21 10:15:00,12.0,53.6,Partly cloudy,6.3,10.1,2,N,1017.0,30.03,0.0,0.0,71,50,11.0,51.8,10.0,6.0,1.5,7.2,11.6,283.05,47.0,12.765,0.555,4.995,7.03,1,1,05:47 AM,08:52 PM,02:16 AM,08:53 PM,Waning Crescent,6,0 days 23:00:00,8,13.53352832366127,94,100.0,1900-01-01 20:52:00,1900-01-01 05:47:00,8.916666666666666,84.71840154180872,44.927877225468066,2025
Russia,Moscow,55.7522,37.6156,Europe/Moscow,1764485100,2025-11-30 09:45:00,1.3,34.3,Overcast,4.9,7.9,224,SW,1022.0,30.18,0.29,0.01,100,100,-1.2,29.9,6.0,3.0,0.0,8.3,13.3,363.85,0.0,35.35,57.45,47.55,63.45,3,5,08:33 AM,04:03 PM,01:47 PM,01:49 AM,Waxing Gibbous,67,0 days 23:30:00,11,1.8315638888734178,33,60.0,1900-01-01 16:03:00,1900-01-01 08:33:00,16.5,105.69231248979496,27.902785206793293,2025
Denmark,Copenhagen,55.67,12.58,Europe/Copenhagen,1718460000,2024-06-15 16:00:00,14.9,58.8,Patchy rain nearby,20.8,33.5,202,SSW,1003.0,29.62,0.38,0.02,84,75,12.8,55.0,9.0,5.0,3.0,28.5,45.8,186.9,79.4,2.7,0.7,4.4,4.5,1,1,04:25 AM,09:56 PM,02:26 PM,01:44 AM,Waxing Gibbous,57,1 days 00:00:00,6,4.978706836786395,43,90.0,1900-01-01 21:56:00,1900-01-01 04:25:00,6.483333333333334,74.32204634541002,29.58553105388334,2024
Estonia,Tallinn,59.4339,24.7281,Europe/Tallinn,1752137100,2025-07-10 11:45:00,15.4,59.7,Overcast,15.0,24.1,41,NE,1014.0,29.94,0.01,0.0,77,100,15.4,59.7,10.0,6.0,1.9,19.0,30.6,238.65,50.0,6.475,1.295,4.255,7.77,1,1,04:21 AM,10:30 PM,11:22 PM,02:22 AM,Full Moon,99,1 days 00:00:00,7,1.8315638888734178,1,100.0,1900-01-01 22:30:00,1900-01-01 04:21:00,5.850000000000001,71.05660934538588,21.90742973513193,2025
Finland,Helsinki,60.18,24.93,Europe/Helsinki,1724328000,2024-08-22 15:00:00,22.4,72.3,Partly cloudy,12.5,20.2,190,S,1004.0,29.65,0.14,0.01,65,75,24.7,76.5,10.0,6.0,4.0,17.0,27.4,243.7,83.7,2.3,1.6,2.0,3.1,1,1,05:52 AM,08:53 PM,09:23 PM,09:45 AM,Waning Gibbous,93,0 days 23:45:00,8,4.978706836786395,7,100.0,1900-01-01 20:53:00,1900-01-01 05:52:00,8.983333333333333,84.9658191327785,26.78209697198861,2024
Denmark,Copenhagen,55.6667,12.5833,Europe/Copenhagen,1748767500,2025-06-01 10:45:00,16.1,61.0,Partly cloudy,15.4,24.8,159,SSE,1012.0,29.88,1.18,0.05,77,25,16.1,61.0,10.0,6.0,1.5,22.3,35.9,253.45,69.0,25.715,0.925,9.62,15.54,1,1,04:34 AM,09:42 PM,10:13 AM,01:48 AM,Waxing Crescent,28,1 days 00:00:00,6,36.787944117144235,72,100.0,1900-01-01 21:42:00,1900-01-01 04:34:00,6.866666666666667,76.16677203856622,54.29778227607147,2025
Latvia,Riga,56.95,24.1,Europe/Riga,1765869300,2025-12-16 09:15:00,7.2,45.0,Overcast,5.8,9.4,218,SW,1017.0,30.03,0.0,0.0,81,100,5.4,41.8,10.0,6.0,0.0,8.9,14.3,170.85,47.0,7.35,3.05,12.05,16.45,1,2,08:57 AM,03:42 PM,05:27 AM,01:05 PM,Waning Crescent,15,0 days 23:45:00,12,1.8315638888734178,85,100.0,1900-01-01 15:42:00,1900-01-01 08:57:00,17.25,107.24192183905856,39.935226609182834,2025
Denmark,Copenhagen,55.6667,12.5833,Europe/Copenhagen,1769065200,2026-01-22 08:00:00,-0.6,30.9,Overcast,19.7,31.7,70,ENE,1009.0,29.8,0.04,0.0,80,100,-7.4,18.6,10.0,6.0,0.0,26.6,42.8,254.85,53.0,7.75,4.25,15.65,19.55,2,2,08:20 AM,04:23 PM,09:39 AM,09:06 PM,Waxing Crescent,10,1 days 00:00:00,1,1.8315638888734178,90,100.0,1900-01-01 16:23:00,1900-01-01 08:20:00,15.95,104.51312286140431,40.275906762534696,2026
Latvia,Riga,56.95,24.1,Europe/Riga,1722688200,2024-08-03 15:30:00,20.7,69.3,Patchy rain nearby,5.8,9.4,295,WNW,1007.0,29.73,0.15,0.01,60,87,20.7,69.3,10.0,6.0,5.0,7.2,11.6,198.6,82.3,0.6,0.3,1.2,1.5,1,1,05:28 AM,09:31 PM,03:10 AM,09:51 PM,Waning Crescent,2,1 days 00:00:00,8,3.0807411032751078,98,100.0,1900-01-01 21:31:00,1900-01-01 05:28:00,7.949999999999999,80.9310525851675,38.688102549740194,2024
Latvia,Riga,56.95,24.1,Europe/Riga,1739183400,2025-02-10 12:30:00,-5.6,21.9,Overcast,3.8,6.1,63,ENE,1042.0,30.77,0.0,0.0,93,100,-8.5,16.7,7.0,4.0,0.7,5.0,8.0,566.1,58.0,31.635,7.955,45.51,53.465,3,5,08:03 AM,05:14 PM,01:58 PM,08:00 AM,Waxing Gibbous,92,1 days 00:15:00,2,1.8315638888734178,8,70.0,1900-01-01 17:14:00,1900-01-01 08:03:00,14.816666666666666,101.957645957377,24.592585226930602,2025
Denmark,Copenhagen,55.6667,12.5833,Europe/Copenhagen,1772088300,2026-02-26 07:45:00,2.4,36.3,Cloudy,14.8,23.8,181,S,1017.0,30.03,0.0,0.0,100,0,-2.7,27.2,8.0,4.0,0.0,29.8,47.9,190.85,50.0,9.45,2.05,9.55,14.95,1,1,07:08 AM,05:38 PM,10:30 AM,05:10 AM,Waxing Gibbous,66,1 days 00:15:00,2,100.0,34,80.0,1900-01-01 17:38:00,1900-01-01 07:08:00,13.5,98.74811952666597,87.9122179289999,2026
Denmark,Copenhagen,55.6667,12.5833,Europe/Copenhagen,1737195300,2025-01-18 11:15:00,5.1,41.2,Mist,8.9,14.4,265,W,1033.0,30.5,0.0,0.0,93,100,2.0,35.5,4.0,2.0,0.3,14.2,22.9,381.1,41.0,23.125,1.85,17.945,25.715,2,2,08:25 AM,04:15 PM,09:56 PM,10:09 AM,Waning Gibbous,84,0 days 23:45:00,1,1.8315638888734178,16,40.0,1900-01-01 16:15:00,1900-01-01 08:25:00,16.166666666666668,104.98215719355781,23.24626191235772,2025
Estonia,Tallinn,59.4339,24.7281,Europe/Tallinn,1730970000,2024-11-07 11:00:00,7.3,45.1,Overcast,10.7,17.3,312,NW,1025.0,30.27,0.0,0.0,87,100,4.3,39.7,10.0,6.0,0.4,15.1,24.2,271.95,54.0,13.69,0.555,5.365,9.435,1,1,07:57 AM,04:12 PM,02:47 PM,07:35 PM,Waxing Crescent,27,1 days 00:00:00,11,1.8315638888734178,73,100.0,1900-01-01 16:12:00,1900-01-01 07:57:00,15.75,104.0748157890113,37.66016070167574,2024
Iceland,Vestmannaeyjar,63.365,-20.2075,Atlantic/Reykjavik,1742463900,2025-03-20 09:45:00,6.3,43.3,Moderate rain,26.6,42.8,136,SE,993.0,29.32,1.33,0.05,100,100,0.9,33.5,10.0,6.0,0.0,40.0,64.3,295.413,92.0,0.699,0.175,1.748,3.846,1,1,07:21 AM,07:37 PM,04:35 AM,06:27 AM,Waning Gibbous,73,1 days 00:15:00,3,1.8315638888734178,27,100.0,1900-01-01 19:37:00,1900-01-01 07:21:00,11.733333333333333,93.95037159609852,29.241494072738828,2025
Estonia,Tallinn,59.4339,24.7281,Europe/Tallinn,1732005900,2024-11-19 10:45:00,1.4,34.5,Moderate or heavy sleet,4.7,7.6,208,SSW,996.0,29.41,0.1,0.0,93,75,-1.0,30.3,10.0,6.0,0.1,6.8,11.0,434.75,69.0,4.81,2.405,6.66,9.25,1,1,08:26 AM,03:47 PM,05:45 PM,01:41 PM,Waning Gibbous,88,1 days 00:00:00,11,4.978706836786395,12,100.0,1900-01-01 15:47:00,1900-01-01 08:26:00,16.65,106.00748029748048,30.68834614669391,2024
Norway,Oslo,59.9167,10.75,Europe/Oslo,1756627200,2025-08-31 10:00:00,15.0,59.0,Light rain,5.8,9.4,178,S,997.0,29.44,0.12,0.0,94,75,14.7,58.4,6.0,3.0,1.2,8.3,13.3,414.4,57.0,20.165,1.48,9.25,15.725,1,1,06:10 AM,08:23 PM,05:38 PM,09:02 PM,First Quarter,47,1 days 00:15:00,8,4.978706836786395,53,60.0,1900-01-01 20:23:00,1900-01-01 06:10:00,9.783333333333333,87.8123208835244,30.109072234600497,2025
Latvia,Riga,56.95,24.1,Europe/Riga,1767856500,2026-01-08 09:15:00,-9.7,14.5,Overcast,4.5,7.2,115,ESE,1017.0,30.03,0.0,0.0,92,100,-13.8,7.2,7.0,4.0,0.0,9.4,15.1,217.85,54.0,8.55,3.85,13.65,17.95,1,2,08:57 AM,04:03 PM,11:08 PM,10:53 AM,Waning Gibbous,76,1 days 00:00:00,1,1.8315638888734178,24,70.0,1900-01-01 16:03:00,1900-01-01 08:57:00,16.9,106.52685506614905,27.67796659324641,2026
Russia,Moscow,55.75,37.62,Europe/Moscow,1720962900,2024-07-14 16:15:00,28.4,83.1,Partly cloudy,9.4,15.1,280,W,1012.0,29.88,4.75,0.19,58,25,32.3,90.1,10.0,6.0,6.0,13.9,22.3,243.7,64.4,30.5,19.1,3.0,3.9,1,1,04:05 AM,09:05 PM,01:56 PM,11:28 PM,Waxing Gibbous,50,1 days 00:15:00,7,36.787944117144235,50,100.0,1900-01-01 21:05:00,1900-01-01 04:05:00,7.0,76.78740744294464,51.09087758672823,2024
Russia,Moscow,55.7522,37.6156,Europe/Moscow,1731142800,2024-11-09 12:00:00,7.8,46.1,Sunny,13.2,21.2,273,W,1026.0,30.31,0.0,0.0,70,6,4.5,40.1,10.0,6.0,0.8,19.1,30.8,468.05,23.0,55.87,38.295,26.27,31.635,2,3,07:53 AM,04:33 PM,02:46 PM,11:26 PM,First Quarter,47,1 days 00:00:00,11,78.66278610665535,53,100.0,1900-01-01 16:33:00,1900-01-01 07:53:00,15.333333333333334,103.1446170497743,80.61936422145935,2024
Sweden,Stockholm,59.33,18.05,Europe/Stockholm,1722255300,2024-07-29 14:15:00,23.1,73.6,Partly Cloudy,11.9,19.1,332,NNW,1015.0,29.96,0.0,0.0,35,28,24.1,75.4,10.0,6.0,6.0,13.6,22.0,186.9,54.4,2.5,2.5,0.5,0.8,1,1,04:27 AM,09:20 PM,10:50 PM,04:49 PM,Waning Crescent,40,0 days 23:30:00,7,32.62797946230395,60,100.0,1900-01-01 21:20:00,1900-01-01 04:27:00,7.116666666666667,77.32203634955653,50.17509312981585,2024
Denmark,Copenhagen,55.6667,12.5833,Europe/Copenhagen,1748508300,2025-05-29 10:45:00,14.4,57.9,Sunny,13.6,22.0,295,WNW,1018.0,30.06,0.0,0.0,63,25,12.8,55.0,10.0,6.0,3.2,16.5,26.5,257.15,65.0,11.1,0.555,5.92,14.8,1,1,04:37 AM,09:38 PM,05:45 AM,12:23 AM,Waxing Crescent,5,1 days 00:00:00,5,36.787944117144235,95,100.0,1900-01-01 21:38:00,1900-01-01 04:37:00,6.983333333333334,76.7103960754976,57.829325881611176,2025
Estonia,Tallinn,59.43,24.73,Europe/Tallinn,1716216300,2024-05-20 17:45:00,17.0,62.6,Sunny,10.5,16.9,50,NE,1018.0,30.06,0.0,0.0,32,0,17.0,62.6,10.0,6.0,4.0,15.0,24.1,203.6,94.4,2.8,1.5,3.2,3.4,1,1,04:36 AM,10:01 PM,06:21 PM,03:44 AM,Waxing Gibbous,88,1 days 00:45:00,5,100.0,12,100.0,1900-01-01 22:01:00,1900-01-01 04:36:00,6.583333333333332,74.81223412713182,83.02183511906976,2024
Norway,Oslo,59.9167,10.75,Europe/Oslo,1767338100,2026-01-02 08:15:00,-6.8,19.8,Light snow,18.3,29.5,13,NNE,983.0,29.03,0.03,0.0,93,100,-15.3,4.5,1.2,0.0,0.0,21.1,33.9,161.85,62.0,3.35,1.45,2.45,3.55,1,1,09:18 AM,03:25 PM,12:56 PM,09:46 AM,Waxing Gibbous,97,1 days 00:00:00,1,1.8315638888734178,3,12.0,1900-01-01 15:25:00,1900-01-01 09:18:00,17.883333333333333,108.50167022790012,19.024188867509068,2026
Iceland,Vestmannaeyjar,63.365,-20.2075,Atlantic/Reykjavik,1739097000,2025-02-09 10:30:00,6.0,42.8,Overcast,25.7,41.4,167,SSE,1024.0,30.24,0.13,0.01,81,75,0.5,33.0,10.0,6.0,0.0,40.2,64.7,297.455,88.0,0.367,0.184,5.876,20.748,1,1,09:31 AM,05:41 PM,12:00 AM,12:00 AM,Waxing Gibbous,86,0 days 23:45:00,2,4.978706836786395,14,100.0,1900-01-01 17:41:00,1900-01-01 09:31:00,15.833333333333334,104.2580763999154,30.725935562059146,2025
Sweden,Stockholm,59.3333,18.05,Europe/Stockholm,1761984900,2025-11-01 09:15:00,6.2,43.2,Partly cloudy,5.8,9.4,176,S,1017.0,30.03,0.0,0.0,87,75,4.2,39.6,10.0,6.0,0.2,9.7,15.6,309.85,27.0,19.55,10.35,7.45,8.15,1,1,07:08 AM,03:54 PM,02:51 PM,12:30 AM,Waxing Gibbous,73,1 days 00:00:00,11,4.978706836786395,27,100.0,1900-01-01 15:54:00,1900-01-01 07:08:00,15.233333333333333,102.91783883053807,32.47489992665255,2025
Iceland,Reykjavik,64.15,-21.95,Atlantic/Reykjavik,1761984000,2025-11-01 08:00:00,10.2,50.4,Partly cloudy,28.0,45.0,69,ENE,973.0,28.73,0.0,0.0,58,75,6.0,42.8,10.0,6.0,0.0,44.0,70.8,152.85,82.0,1.35,1.45,1.15,1.25,1,1,09:12 AM,05:10 PM,04:39 PM,02:05 AM,Waxing Gibbous,74,1 days 00:00:00,11,4.978706836786395,26,100.0,1900-01-01 17:10:00,1900-01-01 09:12:00,16.03333333333333,104.69422639903789,32.59135806192752,2025
Norway,Oslo,59.9167,10.75,Europe/Oslo,1738405800,2025-02-01 11:30:00,-7.7,18.1,Sunny,2.7,4.3,327,NNW,1031.0,30.45,0.0,0.0,85,0,-9.9,14.2,10.0,6.0,0.4,5.1,8.2,643.8,55.0,32.19,3.515,14.06,21.46,1,2,08:30 AM,04:32 PM,09:28 AM,09:07 PM,Waxing Crescent,8,1 days 00:00:00,2,100.0,92,100.0,1900-01-01 16:32:00,1900-01-01 08:30:00,15.966666666666667,104.54941469460253,98.0,2025
Latvia,Riga,56.95,24.1,Europe/Riga,1749546000,2025-06-10 12:00:00,16.3,61.3,Partly Cloudy,8.1,13.0,265,W,1015.0,29.97,0.0,0.0,59,25,16.3,61.3,10.0,6.0,4.7,10.4,16.7,229.4,63.0,6.105,0.74,5.92,11.84,1,1,04:31 AM,10:16 PM,10:29 PM,03:03 AM,Waxing Gibbous,98,1 days 00:00:00,6,36.787944117144235,2,100.0,1900-01-01 22:16:00,1900-01-01 04:31:00,6.25,73.15231704568443,43.345614027139206,2025
Finland,Helsinki,60.1756,24.9342,Europe/Helsinki,1767164400,2025-12-31 09:00:00,-12.8,9.0,Clear,13.2,21.2,349,N,1006.0,29.71,0.0,0.0,85,0,-21.7,-7.0,10.0,6.0,0.0,18.8,30.2,169.85,63.0,6.25,2.25,2.45,4.55,1,1,09:25 AM,03:22 PM,11:49 AM,06:21 AM,Waxing Gibbous,83,1 days 00:00:00,12,100.0,17,100.0,1900-01-01 15:22:00,1900-01-01 09:25:00,18.05,108.82616209896024,88.87392431484403,2025
Iceland,Grindavik,63.83,-22.43,Atlantic/Reykjavik,1718287200,2024-06-13 14:00:00,11.0,51.8,Light drizzle,28.6,46.1,110,ESE,999.0,29.5,0.18,0.01,94,100,7.4,45.3,4.0,2.0,3.0,38.7,62.2,183.6,61.5,0.5,1.5,1.0,1.0,1,1,03:08 AM,11:53 PM,12:04 PM,02:18 AM,Waxing Crescent,38,0 days 23:45:00,6,1.8315638888734178,62,40.0,1900-01-01 23:53:00,1900-01-01 03:08:00,3.25,53.43028657103223,22.41348131897888,2024
Latvia,Riga,56.95,24.1,Europe/Riga,1770792300,2026-02-11 08:45:00,-11.9,10.6,Partly cloudy,4.3,6.8,146,SE,998.0,29.47,0.01,0.0,92,75,-16.2,2.9,6.0,3.0,0.0,7.5,12.1,255.85,44.0,15.55,4.65,23.35,27.45,2,2,08:01 AM,05:15 PM,04:57 AM,10:04 AM,Waning Crescent,37,0 days 22:45:00,2,4.978706836786395,63,60.0,1900-01-01 17:15:00,1900-01-01 08:01:00,14.766666666666667,101.8407267969877,33.71333312161999,2026
Latvia,Riga,56.95,24.1,Europe/Riga,1730192400,2024-10-29 11:00:00,9.2,48.6,Partly cloudy,6.0,9.7,327,NNW,1021.0,30.15,0.01,0.0,93,50,7.7,45.9,10.0,6.0,0.6,8.0,12.9,321.9,45.0,21.09,1.85,14.615,19.055,1,2,07:28 AM,04:46 PM,03:42 AM,03:56 PM,Waning Crescent,11,0 days 23:45:00,10,13.53352832366127,89,100.0,1900-01-01 16:46:00,1900-01-01 07:28:00,14.7,101.68425648953954,46.72275546762769,2024
Finland,Helsinki,60.1756,24.9342,Europe/Helsinki,1739097000,2025-02-09 12:30:00,-2.9,26.8,Light snow,3.6,5.8,239,WSW,1042.0,30.77,0.0,0.0,80,75,-5.3,22.6,10.0,6.0,0.4,4.7,7.6,427.35,69.0,19.055,8.88,17.205,23.495,2,2,08:14 AM,04:55 PM,11:33 AM,08:20 AM,Waxing Gibbous,86,1 days 00:00:00,2,4.978706836786395,14,100.0,1900-01-01 16:55:00,1900-01-01 08:14:00,15.316666666666666,103.10691726364433,30.553261691618488,2025
Russia,Moscow,55.7522,37.6156,Europe/Moscow,1741512600,2025-03-09 12:30:00,10.2,50.4,Sunny,10.7,17.3,293,WNW,1014.0,29.94,0.0,0.0,40,0,7.9,46.2,10.0,6.0,2.0,13.7,22.1,616.05,40.0,58.46,48.1,41.07,50.505,3,4,07:00 AM,06:21 PM,11:56 AM,05:59 AM,Waxing Gibbous,73,0 days 23:45:00,3,100.0,27,100.0,1900-01-01 18:21:00,1900-01-01 07:00:00,12.65,96.51739545179571,88.52760931776935,2025
Sweden,Stockholm,59.3333,18.05,Europe/Stockholm,1747731600,2025-05-20 11:00:00,16.3,61.3,Partly Cloudy,10.7,17.3,349,N,1008.0,29.77,0.0,0.0,48,0,16.3,61.3,10.0,6.0,4.1,12.3,19.9,260.85,83.0,3.515,4.625,6.475,6.845,1,1,04:04 AM,09:27 PM,02:41 AM,11:17 AM,Last Quarter,56,1 days 00:00:00,5,100.0,44,100.0,1900-01-01 21:27:00,1900-01-01 04:04:00,6.616666666666667,74.97419463811015,87.84612919571651,2025
Sweden,Stockholm,59.3333,18.05,Europe/Stockholm,1742291100,2025-03-18 10:45:00,8.0,46.4,Sunny,12.3,19.8,301,WNW,1019.0,30.09,0.0,0.0,49,0,4.9,40.8,10.0,6.0,1.8,16.0,25.7,327.45,73.0,15.17,0.555,4.255,7.4,1,1,05:55 AM,05:58 PM,11:53 PM,06:13 AM,Waning Gibbous,88,1 days 00:15:00,3,100.0,12,100.0,1900-01-01 17:58:00,1900-01-01 05:55:00,11.95,94.57342360577911,85.98601354086686,2025
Denmark,Copenhagen,55.6667,12.5833,Europe/Copenhagen,1761291900,2025-10-24 09:45:00,11.0,51.8,Partly cloudy,20.4,32.8,196,SSW,985.0,29.09,0.02,0.0,87,75,7.7,45.9,10.0,6.0,0.0,27.4,44.0,148.85,40.0,15.65,1.55,5.25,6.75,1,1,07:59 AM,05:48 PM,11:55 AM,06:02 PM,Waxing Crescent,5,1 days 00:15:00,10,4.978706836786395,95,100.0,1900-01-01 17:48:00,1900-01-01 07:59:00,14.183333333333334,100.4485933802373,42.30451310910743,2025
Russia,Moscow,55.7522,37.6156,Europe/Moscow,1737540900,2025-01-22 13:15:00,-4.6,23.7,Partly cloudy,14.3,23.0,162,SSE,1026.0,30.3,0.0,0.0,49,25,-11.5,11.2,10.0,6.0,0.3,19.5,31.4,629.0,32.0,78.44,94.72,55.13,61.79,3,7,08:40 AM,04:43 PM,01:59 AM,10:50 AM,Waning Crescent,50,0 days 23:45:00,1,36.787944117144235,50,100.0,1900-01-01 16:43:00,1900-01-01 08:40:00,15.95,104.51312286140431,55.249734899497184,2025
Russia,Moscow,55.7522,37.6156,Europe/Moscow,1757836800,2025-09-14 11:00:00,17.3,63.1,Overcast,6.5,10.4,175,S,1033.0,30.5,0.0,0.0,52,0,17.3,63.1,10.0,6.0,3.2,7.5,12.0,926.85,22.0,77.885,143.375,70.485,92.87,4,9,06:00 AM,06:49 PM,09:05 PM,03:54 PM,Last Quarter,56,1 days 00:00:00,9,100.0,44,100.0,1900-01-01 18:49:00,1900-01-01 06:00:00,11.183333333333334,92.31988744189891,90.44798311628483,2025
Estonia,Tallinn,59.43,24.73,Europe/Tallinn,1722428100,2024-07-31 15:15:00,19.9,67.9,Patchy rain nearby,14.5,23.4,278,W,1005.0,29.66,0.06,0.0,63,86,20.0,67.9,10.0,6.0,4.0,18.1,29.1,212.0,70.1,0.5,0.4,0.5,0.5,1,1,05:04 AM,09:49 PM,No moonrise,08:37 PM,Waning Crescent,20,1 days 00:00:00,7,3.2064685327860767,80,100.0,1900-01-01 21:49:00,1900-01-01 05:04:00,7.25,77.92371055336073,35.612437702675756,2024
Denmark,Copenhagen,55.6667,12.5833,Europe/Copenhagen,1730020500,2024-10-27 10:15:00,13.2,55.8,Partly cloudy,10.3,16.6,223,SW,1014.0,29.94,0.0,0.0,94,75,11.7,53.1,9.0,5.0,0.5,14.8,23.8,390.35,41.0,16.65,1.85,30.525,32.745,2,3,08:06 AM,05:41 PM,01:59 AM,04:33 PM,Waning Crescent,25,0 days 23:00:00,10,4.978706836786395,75,90.0,1900-01-01 17:41:00,1900-01-01 08:06:00,14.416666666666666,101.01176020211749,38.38898813238946,2024
Estonia,Tallinn,59.43,24.73,Europe/Tallinn,1719580500,2024-06-28 16:15:00,32.3,90.1,Partly cloudy,17.4,28.1,200,SSW,1013.0,29.91,0.0,0.0,32,25,35.0,94.9,10.0,6.0,7.0,17.8,28.6,163.6,85.1,1.4,0.9,3.9,4.3,1,1,04:07 AM,10:41 PM,01:02 AM,12:51 PM,Last Quarter,60,1 days 00:00:00,6,36.787944117144235,40,100.0,1900-01-01 22:41:00,1900-01-01 04:07:00,5.433333333333334,68.73922819027061,48.383650698827125,2024
Iceland,Vestmannaeyjar,63.37,-20.21,Atlantic/Reykjavik,1721997000,2024-07-26 12:30:00,11.1,52.0,Patchy rain nearby,2.9,4.7,272,W,994.0,29.34,0.01,0.0,90,52,11.1,52.0,10.0,6.0,3.0,4.7,7.6,178.6,57.2,0.4,1.5,0.8,0.9,1,1,04:18 AM,10:34 PM,11:03 PM,12:32 PM,Waning Gibbous,74,1 days 00:15:00,7,12.49302121985824,26,100.0,1900-01-01 22:34:00,1900-01-01 04:18:00,5.733333333333334,70.42226598911824,31.95915263028268,2024
Latvia,Riga,56.95,24.1,Europe/Riga,1748681100,2025-05-31 11:45:00,18.4,65.1,Partly cloudy,9.6,15.5,286,WNW,1010.0,29.83,0.0,0.0,56,50,18.4,65.1,10.0,6.0,4.2,11.6,18.7,236.8,62.0,4.44,0.74,6.845,12.58,1,1,04:40 AM,10:04 PM,08:44 AM,01:56 AM,Waxing Crescent,18,1 days 00:00:00,5,13.53352832366127,82,100.0,1900-01-01 22:04:00,1900-01-01 04:40:00,6.600000000000001,74.89330317683195,41.65411247072155,2025
Latvia,Riga,56.95,24.1,Europe/Riga,1759219200,2025-09-30 11:00:00,7.4,45.3,Overcast,7.8,12.6,115,ESE,1034.0,30.53,0.0,0.0,76,100,5.1,41.1,10.0,6.0,0.5,10.1,16.3,178.85,32.0,9.85,2.35,8.25,10.25,1,1,07:26 AM,07:01 PM,05:23 PM,10:35 PM,First Quarter,49,1 days 00:15:00,9,1.8315638888734178,51,100.0,1900-01-01 19:01:00,1900-01-01 07:26:00,12.416666666666666,95.88070834653124,33.131044585303734,2025
Sweden,Stockholm,59.3333,18.05,Europe/Stockholm,1766041200,2025-12-18 08:00:00,3.3,37.9,Overcast,8.1,13.0,186,S,1014.0,29.94,0.0,0.0,93,100,0.0,32.0,10.0,6.0,0.0,15.1,24.3,158.85,33.0,9.85,1.25,5.45,7.85,1,1,08:42 AM,02:47 PM,08:06 AM,12:30 PM,Waning Crescent,4,0 days 23:45:00,12,1.8315638888734178,96,100.0,1900-01-01 14:47:00,1900-01-01 08:42:00,17.916666666666668,108.56679711833881,41.78395790107487,2025
Sweden,Stockholm,59.3333,18.05,Europe/Stockholm,1733913900,2024-12-11 11:45:00,0.0,32.0,Sunny,7.4,11.9,331,NNW,1028.0,30.36,0.0,0.0,86,0,-3.8,25.2,10.0,6.0,0.2,12.6,20.2,370.0,61.0,33.115,1.295,6.105,16.095,1,1,08:34 AM,02:48 PM,12:37 PM,02:51 AM,Waxing Gibbous,75,0 days 23:45:00,12,100.0,25,100.0,1900-01-01 14:48:00,1900-01-01 08:34:00,17.766666666666666,108.27281729430796,89.99092259414618,2024
Sweden,Stockholm,59.3333,18.05,Europe/Stockholm,1749113100,2025-06-05 10:45:00,16.3,61.3,Partly Cloudy,10.3,16.6,264,W,1005.0,29.68,0.0,0.0,55,25,16.3,61.3,10.0,6.0,2.9,11.8,19.0,277.5,74.0,12.395,0.555,11.1,19.055,1,1,03:39 AM,09:56 PM,03:14 PM,01:50 AM,Waxing Gibbous,67,0 days 23:45:00,6,36.787944117144235,33,100.0,1900-01-01 21:56:00,1900-01-01 03:39:00,5.716666666666665,70.33074936902534,47.57237887564034,2025
Estonia,Tallinn,59.4339,24.7281,Europe/Tallinn,1758096000,2025-09-17 11:00:00,15.2,59.4,Light rain,17.9,28.8,226,SW,1001.0,29.56,0.16,0.01,82,75,15.2,59.4,10.0,6.0,1.6,23.2,37.3,257.15,59.0,5.55,0.37,3.885,6.29,1,1,06:54 AM,07:36 PM,No moonrise,07:05 PM,Waning Crescent,24,1 days 00:00:00,9,4.978706836786395,76,100.0,1900-01-01 19:36:00,1900-01-01 06:54:00,11.3,92.67181462725226,38.287996296159676,2025
Russia,Moscow,55.7522,37.6156,Europe/Moscow,1761206400,2025-10-23 11:00:00,5.4,41.7,Partly cloudy,5.4,8.6,221,SW,1017.0,30.03,0.0,0.0,81,75,3.4,38.2,10.0,6.0,0.7,6.7,10.8,1410.85,1.0,67.35,193.95,132.15,147.05,4,10,07:17 AM,05:10 PM,09:51 AM,05:02 PM,Waxing Crescent,2,1 days 00:30:00,10,4.978706836786395,98,100.0,1900-01-01 17:10:00,1900-01-01 07:17:00,14.116666666666667,100.28609834439821,42.73013885373157,2025
Denmark,Copenhagen,55.6667,12.5833,Europe/Copenhagen,1757144700,2025-09-06 09:45:00,17.1,62.8,Sunny,8.5,13.7,298,WNW,1023.0,30.21,0.0,0.0,83,0,17.1,62.8,10.0,6.0,0.9,10.8,17.5,284.9,60.0,9.99,0.555,7.03,11.47,1,1,06:24 AM,07:50 PM,07:37 PM,04:05 AM,Waxing Gibbous,96,1 days 00:00:00,9,100.0,4,100.0,1900-01-01 19:50:00,1900-01-01 06:24:00,10.566666666666666,90.40184695572798,84.16027704335919,2025
Iceland,Vestmannaeyjar,63.365,-20.2075,Atlantic/Reykjavik,1731402000,2024-11-12 09:00:00,11.0,51.8,Moderate rain,31.8,51.1,217,SW,1005.0,29.68,0.09,0.0,94,100,6.8,44.2,6.0,3.0,0.0,54.2,87.3,211.156,72.0,0.734,0.367,13.037,47.373,1,2,09:35 AM,04:34 PM,03:56 PM,03:37 AM,Waxing Gibbous,79,1 days 00:00:00,11,1.8315638888734178,21,60.0,1900-01-01 16:34:00,1900-01-01 09:35:00,17.016666666666666,106.76675248635767,26.263951206277703,2024
Iceland,Vestmannaeyjar,63.365,-20.2075,Atlantic/Reykjavik,1751186700,2025-06-29 08:45:00,9.8,49.7,Partly Cloudy,5.6,9.0,255,WSW,1004.0,29.65,0.0,0.0,81,56,8.6,47.4,10.0,6.0,0.6,9.0,14.5,240.535,55.0,0.551,0.367,6.61,17.994,1,1,03:13 AM,11:36 PM,08:59 AM,12:55 AM,Waxing Crescent,15,1 days 00:15:00,6,10.645850437925281,85,100.0,1900-01-01 23:36:00,1900-01-01 03:13:00,3.616666666666667,56.48613690184333,37.610430798031665,2025
Estonia,Tallinn,59.4339,24.7281,Europe/Tallinn,1756713600,2025-09-01 11:00:00,16.3,61.3,Overcast,4.5,7.2,2,N,1015.0,29.97,0.01,0.0,82,100,16.3,61.3,10.0,6.0,2.2,5.5,8.9,301.55,40.0,16.835,1.11,7.215,10.175,1,1,06:18 AM,08:23 PM,06:46 PM,09:47 PM,Waxing Gibbous,56,1 days 00:00:00,9,1.8315638888734178,44,100.0,1900-01-01 20:23:00,1900-01-01 06:18:00,9.916666666666666,88.26611384236057,30.938855409678133,2025
Latvia,Riga,56.95,24.1,Europe/Riga,1766559600,2025-12-24 09:00:00,-3.0,26.6,Overcast,8.5,13.7,285,WNW,1035.0,30.56,0.0,0.0,74,100,-7.8,17.9,10.0,6.0,0.0,13.5,21.7,174.85,64.0,6.95,2.65,6.35,10.45,1,1,09:01 AM,03:45 PM,11:35 AM,08:35 PM,Waxing Crescent,14,0 days 23:45:00,12,1.8315638888734178,86,100.0,1900-01-01 15:45:00,1900-01-01 09:01:00,17.266666666666666,107.27562968010922,40.090282785340435,2025
Iceland,Vestmannaeyjar,63.365,-20.2075,Atlantic/Reykjavik,1754814600,2025-08-10 08:30:00,10.4,50.8,Light drizzle,6.9,11.2,86,E,1004.0,29.65,0.2,0.01,85,100,9.0,48.1,2.0,1.0,0.2,10.6,17.1,268.077,68.0,0.551,0.184,6.426,11.384,1,1,05:03 AM,09:48 PM,10:01 PM,06:22 AM,Waning Gibbous,99,1 days 00:15:00,8,1.8315638888734178,1,20.0,1900-01-01 21:48:00,1900-01-01 05:03:00,7.25,77.92371055336073,14.93749491632816,2025
Denmark,Copenhagen,55.67,12.58,Europe/Copenhagen,1719063900,2024-06-22 15:45:00,17.3,63.1,Overcast,17.4,28.1,270,W,1006.0,29.71,0.22,0.01,88,100,17.3,63.1,10.0,6.0,3.0,25.9,41.6,161.9,88.7,0.7,0.2,1.0,1.2,1,1,04:25 AM,09:58 PM,11:25 PM,03:43 AM,Full Moon,100,2 days 00:00:00,6,1.8315638888734178,0,100.0,1900-01-01 21:58:00,1900-01-01 04:25:00,6.449999999999999,74.15719367292748,22.22251738426317,2024
Russia,Moscow,55.7522,37.6156,Europe/Moscow,1747471500,2025-05-17 11:45:00,19.1,66.4,Partly cloudy,10.3,16.6,149,SSE,1016.0,30.0,0.38,0.01,46,50,19.1,66.4,10.0,6.0,3.5,11.8,19.0,704.85,56.0,86.025,109.89,42.735,54.945,3,5,04:14 AM,08:39 PM,01:13 AM,06:46 AM,Waning Gibbous,84,0 days 23:45:00,5,13.53352832366127,16,100.0,1900-01-01 20:39:00,1900-01-01 04:14:00,7.583333333333332,79.38635471257626,32.4280702010832,2025
Russia,Moscow,55.75,37.62,Europe/Moscow,1726656300,2024-09-18 13:45:00,25.0,77.0,Sunny,2.2,3.6,106,ESE,1032.0,30.47,0.0,0.0,32,0,24.5,76.1,10.0,6.0,6.0,6.7,10.8,697.45,38.0,103.415,133.755,65.675,78.44,4,9,06:08 AM,06:38 PM,06:45 PM,06:11 AM,Full Moon,100,0 days 23:45:00,9,100.0,0,100.0,1900-01-01 18:38:00,1900-01-01 06:08:00,11.5,93.26742330257588,83.99011349538638,2024
Latvia,Riga,56.95,24.1,Europe/Riga,1759559400,2025-10-04 09:30:00,5.1,41.2,Partly cloudy,9.6,15.5,147,SSE,1019.0,30.09,0.0,0.0,100,75,1.8,35.2,10.0,6.0,0.2,12.3,19.9,183.85,33.0,9.15,2.55,13.85,15.85,1,2,07:34 AM,06:50 PM,06:09 PM,03:11 AM,Waxing Gibbous,86,0 days 23:45:00,10,4.978706836786395,14,100.0,1900-01-01 18:50:00,1900-01-01 07:34:00,12.733333333333333,96.74214926374219,29.598546491633165,2025
Sweden,Stockholm,59.3333,18.05,Europe/Stockholm,1757406600,2025-09-09 10:30:00,18.0,64.4,Partly cloudy,7.6,12.2,151,SSE,1022.0,30.18,0.05,0.0,94,75,18.0,64.4,10.0,6.0,1.9,8.7,14.1,353.35,35.0,39.405,0.74,24.605,34.04,2,3,06:03 AM,07:26 PM,07:29 PM,08:25 AM,Waning Gibbous,98,1 days 00:15:00,9,4.978706836786395,2,100.0,1900-01-01 19:26:00,1900-01-01 06:03:00,10.616666666666667,90.56112946282346,26.871393521495357,2025
Russia,Moscow,55.7522,37.6156,Europe/Moscow,1757664900,2025-09-12 11:15:00,14.4,57.9,Partly cloudy,8.7,14.0,127,SE,1031.0,30.45,0.0,0.0,82,75,13.4,56.2,10.0,6.0,3.3,10.0,16.2,765.9,18.0,62.9,101.565,54.575,71.225,3,7,05:56 AM,06:55 PM,07:51 PM,12:54 PM,Waning Gibbous,78,1 days 00:15:00,9,4.978706836786395,22,100.0,1900-01-01 18:55:00,1900-01-01 05:56:00,11.016666666666667,91.81124389979534,30.058910687041134,2025
Finland,Helsinki,60.1756,24.9342,Europe/Helsinki,1752655500,2025-07-16 11:45:00,25.1,77.2,Sunny,9.6,15.5,92,E,1009.0,29.8,0.0,0.0,57,25,26.3,79.3,10.0,6.0,4.7,14.9,24.0,292.3,45.0,18.685,3.885,11.1,12.765,1,1,04:24 AM,10:27 PM,11:36 PM,12:04 PM,Waning Gibbous,73,0 days 23:45:00,7,36.787944117144235,27,100.0,1900-01-01 22:27:00,1900-01-01 04:24:00,5.949999999999999,71.591791717436,46.86153522790194,2025
Denmark,Copenhagen,55.6667,12.5833,Europe/Copenhagen,1759645800,2025-10-05 08:30:00,12.3,54.1,Partly cloudy,19.0,30.6,242,WSW,992.0,29.29,0.04,0.0,88,75,9.5,49.2,10.0,6.0,0.0,26.9,43.3,141.85,63.0,2.55,0.95,3.45,6.85,1,1,07:21 AM,06:34 PM,05:59 PM,04:36 AM,Waxing Gibbous,93,1 days 00:00:00,10,4.978706836786395,7,100.0,1900-01-01 18:34:00,1900-01-01 07:21:00,12.783333333333333,96.87634785107787,28.568676279733516,2025
Finland,Helsinki,60.1756,24.9342,Europe/Helsinki,1768114800,2026-01-11 09:00:00,-6.9,19.6,Blowing snow,16.1,25.9,35,NE,1011.0,29.85,0.06,0.0,86,75,-14.9,5.2,4.0,2.0,0.0,22.2,35.7,161.85,72.0,3.85,2.15,2.35,3.35,1,1,09:15 AM,03:42 PM,01:58 AM,10:48 AM,Waning Crescent,48,0 days 23:30:00,1,4.978706836786395,52,40.0,1900-01-01 15:42:00,1900-01-01 09:15:00,17.55,107.84400480702968,30.963824823126288,2026
Norway,Oslo,59.9167,10.75,Europe/Oslo,1771829100,2026-02-23 07:45:00,-4.8,23.4,Light snow,2.2,3.6,331,NNW,999.0,29.5,0.01,0.0,93,75,-6.2,20.9,3.3,2.0,0.0,4.1,6.6,344.85,27.0,32.75,2.75,10.95,13.35,1,1,07:33 AM,05:29 PM,08:06 AM,01:31 AM,Waxing Crescent,32,1 days 00:00:00,2,4.978706836786395,68,32.99999999999999,1900-01-01 17:29:00,1900-01-01 07:33:00,14.066666666666666,100.16375608790638,31.51178751525779,2026
Latvia,Riga,56.95,24.1,Europe/Riga,1735554600,2024-12-30 12:30:00,8.2,46.8,Moderate rain,15.9,25.6,289,WNW,1005.0,29.68,1.36,0.05,81,100,4.6,40.2,10.0,6.0,0.0,22.6,36.3,310.8,62.0,9.25,1.11,6.105,8.14,1,1,09:02 AM,03:51 PM,09:42 AM,02:18 PM,New Moon,1,1 days 00:15:00,12,1.8315638888734178,99,100.0,1900-01-01 15:51:00,1900-01-01 09:02:00,17.183333333333334,107.10678193596368,42.014955623718606,2024
Norway,Oslo,59.9167,10.75,Europe/Oslo,1765090800,2025-12-07 08:00:00,2.0,35.6,Light drizzle,2.5,4.0,41,NE,1007.0,29.74,0.05,0.0,100,75,1.2,34.1,10.0,6.0,0.0,5.0,8.0,243.85,19.0,14.85,2.45,12.95,15.15,1,2,09:03 AM,03:14 PM,05:21 PM,12:27 PM,Waning Gibbous,94,0 days 23:45:00,12,4.978706836786395,6,100.0,1900-01-01 15:14:00,1900-01-01 09:03:00,17.816666666666666,108.37107084400004,30.14288472867184,2025
Estonia,Tallinn,59.4339,24.7281,Europe/Tallinn,1740045600,2025-02-20 12:00:00,-3.9,25.0,Sunny,8.3,13.3,207,SSW,1031.0,30.45,0.0,0.0,86,0,-8.9,16.1,10.0,6.0,0.7,11.7,18.8,371.85,65.0,15.54,1.665,9.065,11.285,1,1,07:44 AM,05:28 PM,02:47 AM,08:37 AM,Last Quarter,58,0 days 23:45:00,2,100.0,42,100.0,1900-01-01 17:28:00,1900-01-01 07:44:00,14.266666666666667,100.6507117682917,91.39760676524375,2025
Estonia,Tallinn,59.4339,24.7281,Europe/Tallinn,1742894100,2025-03-25 11:15:00,5.4,41.7,Partly cloudy,15.0,24.1,225,SW,1007.0,29.74,0.0,0.0,81,75,1.1,34.0,10.0,6.0,0.5,22.0,35.4,358.9,61.0,9.805,1.48,15.17,16.65,1,2,06:08 AM,06:48 PM,05:51 AM,12:18 PM,Waning Crescent,26,0 days 23:45:00,3,4.978706836786395,74,100.0,1900-01-01 18:48:00,1900-01-01 06:08:00,11.333333333333334,92.77175227230187,38.00298694291712,2025
Denmark,Copenhagen,55.6667,12.5833,Europe/Copenhagen,1742291100,2025-03-18 10:45:00,6.1,43.0,Partly cloudy,11.4,18.4,277,W,1029.0,30.39,0.01,0.0,70,75,2.7,36.8,10.0,6.0,1.1,15.9,25.5,381.1,66.0,24.42,1.48,9.62,14.43,1,1,06:17 AM,06:19 PM,11:48 PM,06:56 AM,Waning Gibbous,88,1 days 00:00:00,3,4.978706836786395,12,100.0,1900-01-01 18:19:00,1900-01-01 06:17:00,11.966666666666667,94.62091806545423,28.98036181188997,2025
Iceland,Reykjavik,64.15,-21.95,Atlantic/Reykjavik,1757664900,2025-09-12 08:15:00,8.4,47.1,Partly Cloudy,7.8,12.6,20,NNE,989.0,29.21,0.0,0.0,81,0,6.3,43.3,10.0,6.0,0.1,11.2,18.0,270.1,53.0,9.25,3.33,5.365,7.4,1,1,06:43 AM,08:03 PM,06:58 PM,04:01 PM,Waning Gibbous,77,1 days 00:15:00,9,100.0,23,100.0,1900-01-01 20:03:00,1900-01-01 06:43:00,10.666666666666666,90.71972786255522,87.05795917938329,2025
Denmark,Copenhagen,55.6667,12.5833,Europe/Copenhagen,1734516000,2024-12-18 11:00:00,7.4,45.3,Light rain,20.4,32.8,203,SSW,1005.0,29.68,0.07,0.0,93,50,3.0,37.4,10.0,6.0,0.0,31.0,49.9,327.45,59.0,14.245,1.665,12.765,16.65,1,2,08:35 AM,03:38 PM,06:52 PM,11:29 AM,Waning Gibbous,92,0 days 23:45:00,12,13.53352832366127,8,100.0,1900-01-01 15:38:00,1900-01-01 08:35:00,16.95,106.62985914216077,35.31459586552087,2024
Iceland,Reykjavik,64.15,-21.95,Atlantic/Reykjavik,1756800900,2025-09-02 08:15:00,9.1,48.4,Partly Cloudy,6.5,10.4,45,NE,992.0,29.29,0.0,0.0,93,0,7.5,45.5,10.0,6.0,0.2,9.3,14.9,270.1,29.0,13.69,3.145,7.215,10.915,1,1,06:14 AM,08:39 PM,12:00 AM,12:00 AM,Waxing Gibbous,66,1 days 00:00:00,9,100.0,34,100.0,1900-01-01 20:39:00,1900-01-01 06:14:00,9.583333333333334,87.12100077429638,88.16815011614445,2025
Sweden,Stockholm,59.3333,18.05,Europe/Stockholm,1747471500,2025-05-17 10:45:00,11.3,52.3,Partly cloudy,3.6,5.8,80,E,1015.0,29.97,0.42,0.02,62,75,11.0,51.9,10.0,6.0,0.5,4.6,7.5,270.1,78.0,3.33,0.37,4.255,5.365,1,1,04:10 AM,09:20 PM,02:20 AM,06:22 AM,Waning Gibbous,84,0 days 23:45:00,5,4.978706836786395,16,100.0,1900-01-01 21:20:00,1900-01-01 04:10:00,6.833333333333332,76.00996952140008,26.78871953028185,2025
Estonia,Tallinn,59.4339,24.7281,Europe/Tallinn,1729934100,2024-10-26 12:15:00,10.2,50.4,Partly cloudy,11.2,18.0,198,SSW,1020.0,30.12,0.0,0.0,82,75,7.8,46.1,10.0,6.0,4.0,15.2,24.4,345.95,47.0,12.025,1.85,19.055,21.275,2,2,08:27 AM,05:42 PM,12:26 AM,04:54 PM,Waning Crescent,34,1 days 00:00:00,10,4.978706836786395,66,100.0,1900-01-01 17:42:00,1900-01-01 08:27:00,14.75,101.80167133347729,38.15747480209343,2024
Sweden,Stockholm,59.3333,18.05,Europe/Stockholm,1745658000,2025-04-26 11:00:00,7.2,45.0,Cloudy,8.7,14.0,347,NNW,1027.0,30.33,0.0,0.0,45,25,4.6,40.3,10.0,6.0,3.1,10.0,16.2,318.2,78.0,3.33,0.555,2.96,5.18,1,1,05:02 AM,08:30 PM,04:32 AM,06:51 PM,Waning Crescent,5,1 days 00:15:00,4,36.787944117144235,95,100.0,1900-01-01 20:30:00,1900-01-01 05:02:00,8.533333333333333,83.26265252542099,58.81216434909969,2025
Finland,Helsinki,60.18,24.93,Europe/Helsinki,1726143300,2024-09-12 15:15:00,20.0,68.0,Partly cloudy,10.5,16.9,160,SSE,1012.0,29.88,0.0,0.0,68,50,20.0,68.0,10.0,6.0,5.0,15.0,24.1,347.8,74.0,17.205,1.85,12.025,16.65,1,2,06:41 AM,07:50 PM,07:14 PM,09:45 PM,Waxing Gibbous,58,1 days 00:15:00,9,13.53352832366127,42,100.0,1900-01-01 19:50:00,1900-01-01 06:41:00,10.85,91.2954961682347,38.11444141943197,2024
Latvia,Riga,56.95,24.1,Europe/Riga,1716732000,2024-05-26 17:00:00,25.0,77.0,Sunny,9.4,15.1,10,N,1025.0,30.27,0.0,0.0,41,0,25.5,77.9,10.0,6.0,6.0,13.9,22.3,270.4,82.3,7.9,2.5,7.3,9.4,1,1,04:46 AM,09:57 PM,01:11 AM,05:49 AM,Waning Gibbous,93,1 days 00:00:00,5,100.0,7,100.0,1900-01-01 21:57:00,1900-01-01 04:46:00,6.816666666666666,75.9313178680091,82.43969768020136,2024
Iceland,Reykjavik,64.15,-21.95,Atlantic/Reykjavik,1769583600,2026-01-28 07:00:00,5.2,41.4,Overcast,11.6,18.7,65,ENE,998.0,29.47,0.0,0.0,33,0,1.5,34.7,10.0,6.0,0.0,18.8,30.2,144.85,65.0,2.85,2.75,2.85,4.55,1,1,10:20 AM,05:02 PM,12:00 AM,12:00 AM,Waxing Gibbous,70,1 days 00:00:00,1,100.0,30,100.0,1900-01-01 17:02:00,1900-01-01 10:20:00,17.3,107.34295319430306,90.60144297914546,2026
Russia,Moscow,55.75,37.62,Europe/Moscow,1724156100,2024-08-20 15:15:00,21.2,70.2,Partly cloudy,9.4,15.1,320,NW,1016.0,30.0,0.0,0.0,83,75,21.2,70.2,10.0,6.0,5.0,13.9,22.3,240.3,30.4,26.1,12.6,2.0,3.2,1,1,05:12 AM,07:53 PM,08:23 PM,05:32 AM,Waning Gibbous,100,0 days 23:45:00,8,4.978706836786395,0,100.0,1900-01-01 19:53:00,1900-01-01 05:12:00,9.316666666666666,86.17863544452115,25.91401941875001,2024
